{
  "f46876e4-e81b-4931-b493-6d367be385e7": {
    "assetUuid": "f46876e4-e81b-4931-b493-6d367be385e7",
    "animationUuid": "",
    "expandLevels": [
      "0",
      "0_0"
    ]
  },
  "845d90f4-8a8d-4f42-820c-c047213113e0": {
    "assetUuid": "845d90f4-8a8d-4f42-820c-c047213113e0",
    "animationUuid": "",
    "expandLevels": [
      "0",
      "0_0",
      "0_0_1",
      "0_0_2",
      "0_0_6"
    ]
  },
  "25ca5e19-5804-40c4-8a8d-7592f29baa0d": {
    "assetUuid": "25ca5e19-5804-40c4-8a8d-7592f29baa0d",
    "animationUuid": "",
    "expandLevels": [
      "0",
      "0_1"
    ]
  },
  "84ed8ec1-e074-4dec-8f61-d0004daa945e": {
    "assetUuid": "84ed8ec1-e074-4dec-8f61-d0004daa945e",
    "animationUuid": "",
    "expandLevels": [
      "0"
    ]
  },
  "3c191dde-ed04-4a03-82ba-4b5b6d5748f5": {
    "assetUuid": "3c191dde-ed04-4a03-82ba-4b5b6d5748f5",
    "animationUuid": "",
    "expandLevels": [
      "0"
    ]
  }
}
