[
    1,
    [
        "20g1ukYUVPvKWKBRznAKo+@6c48a"
    ],
    [
        "_textureSource"
    ],
    [
        "cc.SpriteFrame"
    ],
    0,
    [
        {
            "name": "default_btn_normal",
            "rect": {
                "x": 0,
                "y": 0,
                "width": 40,
                "height": 40
            },
            "offset": {
                "x": 0,
                "y": 0
            },
            "originalSize": {
                "width": 40,
                "height": 40
            },
            "rotated": false,
            "capInsets": [
                12,
                12,
                12,
                12
            ],
            "packable": true
        }
    ],
    [
        0
    ],
    0,
    [
        0
    ],
    [
        0
    ],
    [
        0
    ]
]
