[
    1,
    [
        "7eVla6N9VARaRkT9LvhkTH@6c48a"
    ],
    [
        "_textureSource"
    ],
    [
        "cc.SpriteFrame"
    ],
    0,
    [
        {
            "name": "bg01",
            "rect": {
                "x": 0,
                "y": 0,
                "width": 900,
                "height": 600
            },
            "offset": {
                "x": 0,
                "y": 0
            },
            "originalSize": {
                "width": 900,
                "height": 600
            },
            "rotated": false,
            "capInsets": [
                0,
                0,
                0,
                0
            ],
            "packable": true
        }
    ],
    [
        0
    ],
    0,
    [
        0
    ],
    [
        0
    ],
    [
        0
    ]
]
