[
    1,
    [
        "2fVwwq0aVD/5aDt/RR2cRD@6c48a"
    ],
    [
        "_textureSource"
    ],
    [
        "cc.SpriteFrame"
    ],
    0,
    [
        {
            "name": "summaryscreen",
            "rect": {
                "x": 0,
                "y": 0,
                "width": 1546,
                "height": 1080
            },
            "offset": {
                "x": 0,
                "y": 0
            },
            "originalSize": {
                "width": 1546,
                "height": 1080
            },
            "rotated": false,
            "capInsets": [
                0,
                0,
                0,
                0
            ],
            "packable": true
        }
    ],
    [
        0
    ],
    0,
    [
        0
    ],
    [
        0
    ],
    [
        0
    ]
]
