{
  "assets/scripts/beltBGmove.js": {
    "imports": {
      "cc": "quick-pack:/cce/internal/x/cc.js"
    },
    "physicalLocation": "fs/0/assets/scripts/beltBGmove.js",
    "mTimestamp": 1653984274992
  },
  "assets/scripts/backgroundMove.js": {
    "imports": {
      "cc": "quick-pack:/cce/internal/x/cc.js"
    },
    "physicalLocation": "fs/0/assets/scripts/backgroundMove.js",
    "mTimestamp": 1654588485107
  },
  "assets/scripts/playerMove.js": {
    "imports": {
      "cc": "quick-pack:/cce/internal/x/cc.js"
    },
    "physicalLocation": "fs/0/assets/scripts/playerMove.js",
    "mTimestamp": 1655796529396
  },
  "assets/scripts/wasteManager.js": {
    "imports": {
      "cc": "quick-pack:/cce/internal/x/cc.js",
      "__unresolved_1": "assets/scripts/wasteHandling.js",
      "__unresolved_0": "quick-pack:/cce/internal/code-quality/cr.js"
    },
    "physicalLocation": "fs/0/assets/scripts/wasteManager.js",
    "mTimestamp": 1655797659901
  },
  "assets/scripts/wasteHandling.js": {
    "imports": {
      "cc": "quick-pack:/cce/internal/x/cc.js"
    },
    "physicalLocation": "fs/0/assets/scripts/wasteHandling.js",
    "mTimestamp": 1655797955819
  },
  "quick-pack:/cce/internal/x/cc.js": {
    "imports": {
      "__unresolved_0": {
        "external": true,
        "url": "cce:/internal/x/cc-fu/2d"
      },
      "__unresolved_1": {
        "external": true,
        "url": "cce:/internal/x/cc-fu/audio"
      },
      "__unresolved_2": {
        "external": true,
        "url": "cce:/internal/x/cc-fu/base"
      },
      "__unresolved_3": {
        "external": true,
        "url": "cce:/internal/x/cc-fu/dragon-bones"
      },
      "__unresolved_4": {
        "external": true,
        "url": "cce:/internal/x/cc-fu/gfx-webgl"
      },
      "__unresolved_5": {
        "external": true,
        "url": "cce:/internal/x/cc-fu/gfx-webgl2"
      },
      "__unresolved_6": {
        "external": true,
        "url": "cce:/internal/x/cc-fu/intersection-2d"
      },
      "__unresolved_7": {
        "external": true,
        "url": "cce:/internal/x/cc-fu/particle-2d"
      },
      "__unresolved_8": {
        "external": true,
        "url": "cce:/internal/x/cc-fu/physics-2d-box2d"
      },
      "__unresolved_9": {
        "external": true,
        "url": "cce:/internal/x/cc-fu/physics-2d-framework"
      },
      "__unresolved_10": {
        "external": true,
        "url": "cce:/internal/x/cc-fu/profiler"
      },
      "__unresolved_11": {
        "external": true,
        "url": "cce:/internal/x/cc-fu/spine"
      },
      "__unresolved_12": {
        "external": true,
        "url": "cce:/internal/x/cc-fu/tiled-map"
      },
      "__unresolved_13": {
        "external": true,
        "url": "cce:/internal/x/cc-fu/tween"
      },
      "__unresolved_14": {
        "external": true,
        "url": "cce:/internal/x/cc-fu/ui"
      },
      "__unresolved_15": {
        "external": true,
        "url": "cce:/internal/x/cc-fu/video"
      },
      "__unresolved_16": {
        "external": true,
        "url": "cce:/internal/x/cc-fu/webview"
      }
    },
    "physicalLocation": "cce/internal/x/cc.js",
    "mTimestamp": 1656400747652,
    "isEntry": true,
    "exposeAs": "cce:/internal/x/cc"
  },
  "quick-pack:/cce/internal/x/prerequisite-imports.js": {
    "imports": {
      "__unresolved_0": "assets/scripts/backgroundMove.js",
      "__unresolved_1": "assets/scripts/playerMove.js",
      "__unresolved_2": "assets/scripts/wasteHandling.js",
      "__unresolved_3": "assets/scripts/wasteManager.js"
    },
    "physicalLocation": "cce/internal/x/prerequisite-imports.js",
    "mTimestamp": 1656400747741,
    "isEntry": true,
    "exposeAs": "cce:/internal/x/prerequisite-imports"
  },
  "quick-pack:/cce/internal/code-quality/cr.js": {
    "imports": {},
    "physicalLocation": "cce/internal/code-quality/cr.js",
    "mTimestamp": 1656400747785
  }
}
