[
    1,
    [
        "90SODOMzRFir+WMms8bbkQ@6c48a"
    ],
    [
        "_textureSource"
    ],
    [
        "cc.SpriteFrame"
    ],
    0,
    [
        {
            "name": "Armature_newAnimation_4",
            "rect": {
                "x": 8,
                "y": 0,
                "width": 45,
                "height": 65
            },
            "offset": {
                "x": -1.5,
                "y": 0
            },
            "originalSize": {
                "width": 64,
                "height": 65
            },
            "rotated": false,
            "capInsets": [
                0,
                0,
                0,
                0
            ],
            "packable": true
        }
    ],
    [
        0
    ],
    0,
    [
        0
    ],
    [
        0
    ],
    [
        0
    ]
]
