[
    1,
    [
        "20e13J73dOL7ifimFmBHFM@6c48a"
    ],
    [
        "_textureSource"
    ],
    [
        "cc.SpriteFrame"
    ],
    0,
    [
        {
            "name": "mrf-with-mayor",
            "rect": {
                "x": 0,
                "y": 0,
                "width": 1280,
                "height": 960
            },
            "offset": {
                "x": 0,
                "y": 0
            },
            "originalSize": {
                "width": 1280,
                "height": 960
            },
            "rotated": false,
            "capInsets": [
                0,
                0,
                0,
                0
            ],
            "packable": true
        }
    ],
    [
        0
    ],
    0,
    [
        0
    ],
    [
        0
    ],
    [
        0
    ]
]
