{
  "/Users/amyliu/Documents/shazhiq/Cocos/NewProject_2_3D/assets/resources.meta": {
    "time": 1649758821569.2485
  },
  "/Users/amyliu/Documents/shazhiq/Cocos/NewProject_2_3D/assets/resources": {
    "time": 1650489573337.0808,
    "uuid": "8fd0939a-2ad7-4b77-b935-a1a8827994bc",
    "missing": false
  },
  "/Users/amyliu/Documents/shazhiq/Cocos/NewProject_2_3D/assets/resources/recycle.png.meta": {
    "time": 1649758829479.807
  },
  "/Users/amyliu/Documents/shazhiq/Cocos/NewProject_2_3D/assets/resources/recycle.png": {
    "time": 1649758829456.1382,
    "uuid": "14603127-eb9c-4f3d-a81a-c2443fb58b4c",
    "missing": false
  },
  "/Users/amyliu/Documents/shazhiq/Cocos/NewProject_2_3D/assets/resources/background1.png.meta": {
    "time": 1649758833811.618
  },
  "/Users/amyliu/Documents/shazhiq/Cocos/NewProject_2_3D/assets/resources/background1.png": {
    "time": 1649758833770.674,
    "uuid": "846ec8ad-2edb-4387-ba3b-2c99b0f830bc",
    "missing": false
  },
  "/Users/amyliu/Documents/shazhiq/Cocos/NewProject_2_3D/assets/resources/player.png.meta": {
    "time": 1649758854262.3848
  },
  "/Users/amyliu/Documents/shazhiq/Cocos/NewProject_2_3D/assets/resources/player.png": {
    "time": 1649758854213.386,
    "uuid": "21d20e2c-d5b0-466e-baf6-11392ee21639",
    "missing": false
  },
  "/Users/amyliu/Documents/shazhiq/Cocos/NewProject_2_3D/assets/scene.scene.meta": {
    "time": 1649758975455.5635
  },
  "/Users/amyliu/Documents/shazhiq/Cocos/NewProject_2_3D/assets/scene.scene": {
    "time": 1650527241159.0308,
    "uuid": "845d90f4-8a8d-4f42-820c-c047213113e0",
    "missing": false
  },
  "/Users/amyliu/Documents/shazhiq/Cocos/NewProject_2_3D/assets/scripts.meta": {
    "time": 1649759543144.2192
  },
  "/Users/amyliu/Documents/shazhiq/Cocos/NewProject_2_3D/assets/scripts": {
    "time": 1650339209948.996,
    "uuid": "54d33210-b186-48a9-9006-1d89472baeb3",
    "missing": false
  },
  "/Users/amyliu/Documents/shazhiq/Cocos/NewProject_2_3D/assets/scripts/playerMove.ts.meta": {
    "time": 1649759552712.9204
  },
  "/Users/amyliu/Documents/shazhiq/Cocos/NewProject_2_3D/assets/scripts/playerMove.ts": {
    "time": 1650364913542.72,
    "uuid": "3913418b-161a-432b-92bb-87dbc0f1a157",
    "missing": false
  },
  "/Users/amyliu/Documents/shazhiq/Cocos/NewProject_2_3D/assets/scripts/wasteHandling.ts.meta": {
    "time": 1650339209970.2634
  },
  "/Users/amyliu/Documents/shazhiq/Cocos/NewProject_2_3D/assets/scripts/wasteHandling.ts": {
    "time": 1650365189772.756,
    "uuid": "8a401671-7f95-42db-9a3e-f23a4a86f106",
    "missing": false
  },
  "/Users/amyliu/Documents/shazhiq/Cocos/NewProject_2_3D/assets/animation.anim.meta": {
    "time": 1650486443307.9597
  },
  "/Users/amyliu/Documents/shazhiq/Cocos/NewProject_2_3D/assets/animation.anim": {
    "time": 1650486691828.7832,
    "uuid": "bc99b80b-3d9c-4e7d-8506-64a59e870f16",
    "missing": true
  },
  "/Users/amyliu/Documents/shazhiq/Cocos/NewProject_2_3D/assets/animation-player-move.anim.meta": {
    "time": 1650486900158.744
  },
  "/Users/amyliu/Documents/shazhiq/Cocos/NewProject_2_3D/assets/animation-player-move.anim": {
    "time": 1650487051846.5889,
    "uuid": "173ccc1d-ad54-4eeb-b16c-f7e2247cc526",
    "missing": true
  },
  "/Users/amyliu/Documents/shazhiq/Cocos/NewProject_2_3D/assets/resources/annimation_01.meta": {
    "time": 1650484646143.0742
  },
  "/Users/amyliu/Documents/shazhiq/Cocos/NewProject_2_3D/assets/resources/annimation_01": {
    "time": 1650484672026.0964,
    "uuid": "f497279f-007a-4026-9448-05ed662fe384",
    "missing": true
  },
  "/Users/amyliu/Documents/shazhiq/Cocos/NewProject_2_3D/assets/resources/annimation_01/Armature_newAnimation_06.png.meta": {
    "time": 1650484672918.197
  },
  "/Users/amyliu/Documents/shazhiq/Cocos/NewProject_2_3D/assets/resources/annimation_01/Armature_newAnimation_06.png": {
    "time": 1650484672009.6594,
    "uuid": "b1aefe22-abc7-493d-932d-c5c3904fd1c8",
    "missing": true
  },
  "/Users/amyliu/Documents/shazhiq/Cocos/NewProject_2_3D/assets/resources/annimation_01/Armature_newAnimation_03.png.meta": {
    "time": 1650484672656.6704
  },
  "/Users/amyliu/Documents/shazhiq/Cocos/NewProject_2_3D/assets/resources/annimation_01/Armature_newAnimation_03.png": {
    "time": 1650484672009.1863,
    "uuid": "5b46dc6e-1439-4814-b0ea-a1b9842ad0d1",
    "missing": true
  },
  "/Users/amyliu/Documents/shazhiq/Cocos/NewProject_2_3D/assets/resources/annimation_01/Armature_newAnimation_04.png.meta": {
    "time": 1650484672322.3555
  },
  "/Users/amyliu/Documents/shazhiq/Cocos/NewProject_2_3D/assets/resources/annimation_01/Armature_newAnimation_04.png": {
    "time": 1650484672008.0732,
    "uuid": "7315d051-6489-4131-bb8e-9f81dcf3002b",
    "missing": true
  },
  "/Users/amyliu/Documents/shazhiq/Cocos/NewProject_2_3D/assets/resources/annimation_01/Armature_newAnimation_05.png.meta": {
    "time": 1650484672830.1326
  },
  "/Users/amyliu/Documents/shazhiq/Cocos/NewProject_2_3D/assets/resources/annimation_01/Armature_newAnimation_05.png": {
    "time": 1650484672010.1907,
    "uuid": "b627ac42-95f4-4514-831a-00ed26372a46",
    "missing": true
  },
  "/Users/amyliu/Documents/shazhiq/Cocos/NewProject_2_3D/assets/resources/annimation_01/Armature_newAnimation_07.png.meta": {
    "time": 1650484672762.3848
  },
  "/Users/amyliu/Documents/shazhiq/Cocos/NewProject_2_3D/assets/resources/annimation_01/Armature_newAnimation_07.png": {
    "time": 1650484672013.2053,
    "uuid": "b5c45663-7186-46f2-b86b-7dd3127a963a",
    "missing": true
  },
  "/Users/amyliu/Documents/shazhiq/Cocos/NewProject_2_3D/assets/resources/annimation_01/Armature_newAnimation_10.png.meta": {
    "time": 1650484672814.0623
  },
  "/Users/amyliu/Documents/shazhiq/Cocos/NewProject_2_3D/assets/resources/annimation_01/Armature_newAnimation_10.png": {
    "time": 1650484672010.3684,
    "uuid": "099ac426-6a7a-411c-948d-3877770d9808",
    "missing": true
  },
  "/Users/amyliu/Documents/shazhiq/Cocos/NewProject_2_3D/assets/resources/annimation_01/Armature_newAnimation_09.png.meta": {
    "time": 1650484672732.0364
  },
  "/Users/amyliu/Documents/shazhiq/Cocos/NewProject_2_3D/assets/resources/annimation_01/Armature_newAnimation_09.png": {
    "time": 1650484672010.2607,
    "uuid": "6804e937-2f28-4219-bf5a-0d48fbe1ab4f",
    "missing": true
  },
  "/Users/amyliu/Documents/shazhiq/Cocos/NewProject_2_3D/assets/resources/annimation_01/Armature_newAnimation_08.png.meta": {
    "time": 1650484672697.9363
  },
  "/Users/amyliu/Documents/shazhiq/Cocos/NewProject_2_3D/assets/resources/annimation_01/Armature_newAnimation_08.png": {
    "time": 1650484672010.2021,
    "uuid": "8413ab76-3b0a-4589-a429-d58feace8c51",
    "missing": true
  },
  "/Users/amyliu/Documents/shazhiq/Cocos/NewProject_2_3D/assets/resources/annimation_01/Armature_newAnimation_11.png.meta": {
    "time": 1650484672865.3398
  },
  "/Users/amyliu/Documents/shazhiq/Cocos/NewProject_2_3D/assets/resources/annimation_01/Armature_newAnimation_11.png": {
    "time": 1650484672014.6592,
    "uuid": "e47a197a-e690-4597-8617-5441ce204b27",
    "missing": true
  },
  "/Users/amyliu/Documents/shazhiq/Cocos/NewProject_2_3D/assets/resources/annimation_01/Armature_newAnimation_12.png.meta": {
    "time": 1650484672929.8362
  },
  "/Users/amyliu/Documents/shazhiq/Cocos/NewProject_2_3D/assets/resources/annimation_01/Armature_newAnimation_12.png": {
    "time": 1650484672014.95,
    "uuid": "1957e8e6-24dd-4744-9d72-5ff8384d37b0",
    "missing": true
  },
  "/Users/amyliu/Documents/shazhiq/Cocos/NewProject_2_3D/assets/resources/Player_02.meta": {
    "time": 1650489573343.222
  },
  "/Users/amyliu/Documents/shazhiq/Cocos/NewProject_2_3D/assets/resources/Player_02": {
    "time": 1650489581382.83,
    "uuid": "5d3fa04b-fc48-4359-9a01-5749c36ba5cc",
    "missing": false
  },
  "/Users/amyliu/Documents/shazhiq/Cocos/NewProject_2_3D/assets/resources/Player_02/Armature_newAnimation_0.png.meta": {
    "time": 1650489581405.6099
  },
  "/Users/amyliu/Documents/shazhiq/Cocos/NewProject_2_3D/assets/resources/Player_02/Armature_newAnimation_1.png.meta": {
    "time": 1650489581413.8015
  },
  "/Users/amyliu/Documents/shazhiq/Cocos/NewProject_2_3D/assets/resources/Player_02/Armature_newAnimation_3.png.meta": {
    "time": 1650489581419.2742
  },
  "/Users/amyliu/Documents/shazhiq/Cocos/NewProject_2_3D/assets/resources/Player_02/Armature_newAnimation_2.png.meta": {
    "time": 1650489581424.2856
  },
  "/Users/amyliu/Documents/shazhiq/Cocos/NewProject_2_3D/assets/resources/Player_02/Armature_newAnimation_4.png.meta": {
    "time": 1650489581430.3738
  },
  "/Users/amyliu/Documents/shazhiq/Cocos/NewProject_2_3D/assets/resources/Player_02/Armature_newAnimation_5.png.meta": {
    "time": 1650489581437.8313
  },
  "/Users/amyliu/Documents/shazhiq/Cocos/NewProject_2_3D/assets/resources/Player_02/Armature_newAnimation_6.png.meta": {
    "time": 1650489581448.1633
  },
  "/Users/amyliu/Documents/shazhiq/Cocos/NewProject_2_3D/assets/resources/Player_02/Armature_newAnimation_7.png.meta": {
    "time": 1650489581453.7317
  },
  "/Users/amyliu/Documents/shazhiq/Cocos/NewProject_2_3D/assets/resources/Player_02/Armature_newAnimation_8.png.meta": {
    "time": 1650489581458.2935
  },
  "/Users/amyliu/Documents/shazhiq/Cocos/NewProject_2_3D/assets/resources/Player_02/Armature_newAnimation_0.png": {
    "time": 1650489581369.2441,
    "uuid": "46c73e42-685a-48a4-8f67-5a6cd5e0afdf",
    "missing": false
  },
  "/Users/amyliu/Documents/shazhiq/Cocos/NewProject_2_3D/assets/resources/Player_02/Armature_newAnimation_1.png": {
    "time": 1650489581369.279,
    "uuid": "96cecfb9-dcdc-4d6b-b3c2-aac9b7c1d02f",
    "missing": false
  },
  "/Users/amyliu/Documents/shazhiq/Cocos/NewProject_2_3D/assets/resources/Player_02/Armature_newAnimation_3.png": {
    "time": 1650489581369.4656,
    "uuid": "f409c862-2bf4-4218-b8f9-c114a04704fc",
    "missing": false
  },
  "/Users/amyliu/Documents/shazhiq/Cocos/NewProject_2_3D/assets/resources/Player_02/Armature_newAnimation_2.png": {
    "time": 1650489581369.605,
    "uuid": "5a83fec4-3ffd-4a53-a6b7-d3ffa16fd197",
    "missing": false
  },
  "/Users/amyliu/Documents/shazhiq/Cocos/NewProject_2_3D/assets/resources/Player_02/Armature_newAnimation_4.png": {
    "time": 1650489581378.8171,
    "uuid": "9048e0ce-3334-458a-bf96-326b3c6db910",
    "missing": false
  },
  "/Users/amyliu/Documents/shazhiq/Cocos/NewProject_2_3D/assets/resources/Player_02/Armature_newAnimation_5.png": {
    "time": 1650489581379.2532,
    "uuid": "76b93524-23aa-4397-93a4-4943d9f5b611",
    "missing": false
  },
  "/Users/amyliu/Documents/shazhiq/Cocos/NewProject_2_3D/assets/resources/Player_02/Armature_newAnimation_6.png": {
    "time": 1650489581379.8962,
    "uuid": "3c4715ed-489f-47da-b015-63ce384425d8",
    "missing": false
  },
  "/Users/amyliu/Documents/shazhiq/Cocos/NewProject_2_3D/assets/resources/Player_02/Armature_newAnimation_7.png": {
    "time": 1650489581380.0366,
    "uuid": "527ab7ef-d0c8-4eec-a9c4-934a49c398b6",
    "missing": false
  },
  "/Users/amyliu/Documents/shazhiq/Cocos/NewProject_2_3D/assets/resources/Player_02/Armature_newAnimation_8.png": {
    "time": 1650489581380.4512,
    "uuid": "415f87e5-dc7a-4ffb-a8b3-5416ed30dd26",
    "missing": false
  },
  "/Users/amyliu/Documents/shazhiq/Cocos/NewProject_2_3D/assets/animation-player-02.anim.meta": {
    "time": 1650489652592.2515
  },
  "/Users/amyliu/Documents/shazhiq/Cocos/NewProject_2_3D/assets/animation-player-02.anim": {
    "time": 1650489703085.7444,
    "uuid": "e193ddeb-0145-416d-971c-9dffcc4677c8",
    "missing": false
  },
  "/Users/Shared/shazhiq/GameDev/Cocos/NewProject_2_3D/assets/animation-player-02.anim": {
    "time": 1650489703085.7444,
    "uuid": "e193ddeb-0145-416d-971c-9dffcc4677c8",
    "missing": false
  },
  "/Users/Shared/shazhiq/GameDev/Cocos/NewProject_2_3D/assets/animation-player-move.anim": {
    "time": 1650487051846.5889,
    "uuid": "173ccc1d-ad54-4eeb-b16c-f7e2247cc526",
    "missing": true
  },
  "/Users/Shared/shazhiq/GameDev/Cocos/NewProject_2_3D/assets/animation.anim": {
    "time": 1650486691828.7832,
    "uuid": "bc99b80b-3d9c-4e7d-8506-64a59e870f16",
    "missing": true
  },
  "/Users/Shared/shazhiq/GameDev/Cocos/NewProject_2_3D/assets/resources": {
    "time": 1650489573337.0808,
    "uuid": "8fd0939a-2ad7-4b77-b935-a1a8827994bc",
    "missing": false
  },
  "/Users/Shared/shazhiq/GameDev/Cocos/NewProject_2_3D/assets/scene.scene": {
    "time": 1653298789212.5547,
    "uuid": "845d90f4-8a8d-4f42-820c-c047213113e0",
    "missing": false
  },
  "/Users/Shared/shazhiq/GameDev/Cocos/NewProject_2_3D/assets/scripts": {
    "time": 1650339209948.996,
    "uuid": "54d33210-b186-48a9-9006-1d89472baeb3",
    "missing": false
  },
  "/Users/Shared/shazhiq/GameDev/Cocos/NewProject_2_3D/assets/resources/Player_02": {
    "time": 1650489581382.83,
    "uuid": "5d3fa04b-fc48-4359-9a01-5749c36ba5cc",
    "missing": false
  },
  "/Users/Shared/shazhiq/GameDev/Cocos/NewProject_2_3D/assets/resources/annimation_01": {
    "time": 1650484672026.0964,
    "uuid": "f497279f-007a-4026-9448-05ed662fe384",
    "missing": true
  },
  "/Users/Shared/shazhiq/GameDev/Cocos/NewProject_2_3D/assets/resources/background1.png": {
    "time": 1649758833770.674,
    "uuid": "846ec8ad-2edb-4387-ba3b-2c99b0f830bc",
    "missing": false
  },
  "/Users/Shared/shazhiq/GameDev/Cocos/NewProject_2_3D/assets/resources/player.png": {
    "time": 1649758854213.386,
    "uuid": "21d20e2c-d5b0-466e-baf6-11392ee21639",
    "missing": false
  },
  "/Users/Shared/shazhiq/GameDev/Cocos/NewProject_2_3D/assets/resources/recycle.png": {
    "time": 1649758829456.1382,
    "uuid": "14603127-eb9c-4f3d-a81a-c2443fb58b4c",
    "missing": false
  },
  "/Users/Shared/shazhiq/GameDev/Cocos/NewProject_2_3D/assets/scripts/playerMove.ts": {
    "time": 1650535274547.2275,
    "uuid": "3913418b-161a-432b-92bb-87dbc0f1a157",
    "missing": false
  },
  "/Users/Shared/shazhiq/GameDev/Cocos/NewProject_2_3D/assets/scripts/wasteHandling.ts": {
    "time": 1650365189772.756,
    "uuid": "8a401671-7f95-42db-9a3e-f23a4a86f106",
    "missing": false
  },
  "/Users/Shared/shazhiq/GameDev/Cocos/NewProject_2_3D/assets/resources/Player_02/Armature_newAnimation_0.png": {
    "time": 1650489581369.2441,
    "uuid": "46c73e42-685a-48a4-8f67-5a6cd5e0afdf",
    "missing": false
  },
  "/Users/Shared/shazhiq/GameDev/Cocos/NewProject_2_3D/assets/resources/Player_02/Armature_newAnimation_1.png": {
    "time": 1650489581369.279,
    "uuid": "96cecfb9-dcdc-4d6b-b3c2-aac9b7c1d02f",
    "missing": false
  },
  "/Users/Shared/shazhiq/GameDev/Cocos/NewProject_2_3D/assets/resources/Player_02/Armature_newAnimation_2.png": {
    "time": 1650489581369.605,
    "uuid": "5a83fec4-3ffd-4a53-a6b7-d3ffa16fd197",
    "missing": false
  },
  "/Users/Shared/shazhiq/GameDev/Cocos/NewProject_2_3D/assets/resources/Player_02/Armature_newAnimation_3.png": {
    "time": 1650489581369.4656,
    "uuid": "f409c862-2bf4-4218-b8f9-c114a04704fc",
    "missing": false
  },
  "/Users/Shared/shazhiq/GameDev/Cocos/NewProject_2_3D/assets/resources/Player_02/Armature_newAnimation_4.png": {
    "time": 1650489581378.8171,
    "uuid": "9048e0ce-3334-458a-bf96-326b3c6db910",
    "missing": false
  },
  "/Users/Shared/shazhiq/GameDev/Cocos/NewProject_2_3D/assets/resources/Player_02/Armature_newAnimation_5.png": {
    "time": 1650489581379.2532,
    "uuid": "76b93524-23aa-4397-93a4-4943d9f5b611",
    "missing": false
  },
  "/Users/Shared/shazhiq/GameDev/Cocos/NewProject_2_3D/assets/resources/Player_02/Armature_newAnimation_6.png": {
    "time": 1650489581379.8962,
    "uuid": "3c4715ed-489f-47da-b015-63ce384425d8",
    "missing": false
  },
  "/Users/Shared/shazhiq/GameDev/Cocos/NewProject_2_3D/assets/resources/Player_02/Armature_newAnimation_7.png": {
    "time": 1650489581380.0366,
    "uuid": "527ab7ef-d0c8-4eec-a9c4-934a49c398b6",
    "missing": false
  },
  "/Users/Shared/shazhiq/GameDev/Cocos/NewProject_2_3D/assets/resources/Player_02/Armature_newAnimation_8.png": {
    "time": 1650489581380.4512,
    "uuid": "415f87e5-dc7a-4ffb-a8b3-5416ed30dd26",
    "missing": false
  },
  "/Users/Shared/shazhiq/GameDev/Cocos/NewProject_2_3D/assets/resources/annimation_01/Armature_newAnimation_03.png": {
    "time": 1650484672009.1863,
    "uuid": "5b46dc6e-1439-4814-b0ea-a1b9842ad0d1",
    "missing": true
  },
  "/Users/Shared/shazhiq/GameDev/Cocos/NewProject_2_3D/assets/resources/annimation_01/Armature_newAnimation_04.png": {
    "time": 1650484672008.0732,
    "uuid": "7315d051-6489-4131-bb8e-9f81dcf3002b",
    "missing": true
  },
  "/Users/Shared/shazhiq/GameDev/Cocos/NewProject_2_3D/assets/resources/annimation_01/Armature_newAnimation_05.png": {
    "time": 1650484672010.1907,
    "uuid": "b627ac42-95f4-4514-831a-00ed26372a46",
    "missing": true
  },
  "/Users/Shared/shazhiq/GameDev/Cocos/NewProject_2_3D/assets/resources/annimation_01/Armature_newAnimation_06.png": {
    "time": 1650484672009.6594,
    "uuid": "b1aefe22-abc7-493d-932d-c5c3904fd1c8",
    "missing": true
  },
  "/Users/Shared/shazhiq/GameDev/Cocos/NewProject_2_3D/assets/resources/annimation_01/Armature_newAnimation_07.png": {
    "time": 1650484672013.2053,
    "uuid": "b5c45663-7186-46f2-b86b-7dd3127a963a",
    "missing": true
  },
  "/Users/Shared/shazhiq/GameDev/Cocos/NewProject_2_3D/assets/resources/annimation_01/Armature_newAnimation_08.png": {
    "time": 1650484672010.2021,
    "uuid": "8413ab76-3b0a-4589-a429-d58feace8c51",
    "missing": true
  },
  "/Users/Shared/shazhiq/GameDev/Cocos/NewProject_2_3D/assets/resources/annimation_01/Armature_newAnimation_09.png": {
    "time": 1650484672010.2607,
    "uuid": "6804e937-2f28-4219-bf5a-0d48fbe1ab4f",
    "missing": true
  },
  "/Users/Shared/shazhiq/GameDev/Cocos/NewProject_2_3D/assets/resources/annimation_01/Armature_newAnimation_10.png": {
    "time": 1650484672010.3684,
    "uuid": "099ac426-6a7a-411c-948d-3877770d9808",
    "missing": true
  },
  "/Users/Shared/shazhiq/GameDev/Cocos/NewProject_2_3D/assets/resources/annimation_01/Armature_newAnimation_11.png": {
    "time": 1650484672014.6592,
    "uuid": "e47a197a-e690-4597-8617-5441ce204b27",
    "missing": true
  },
  "/Users/Shared/shazhiq/GameDev/Cocos/NewProject_2_3D/assets/resources/annimation_01/Armature_newAnimation_12.png": {
    "time": 1650484672014.95,
    "uuid": "1957e8e6-24dd-4744-9d72-5ff8384d37b0",
    "missing": true
  },
  "/Users/Shared/shazhiq/GameDev/Cocos/NewProject_2_3D/assets/resources.meta": {
    "time": 1649758821569.2485
  },
  "/Users/Shared/shazhiq/GameDev/Cocos/NewProject_2_3D/assets/scripts.meta": {
    "time": 1649759543144.2192
  },
  "/Users/Shared/shazhiq/GameDev/Cocos/NewProject_2_3D/assets/resources/Player_02.meta": {
    "time": 1650489573343.222
  },
  "/Users/Shared/shazhiq/GameDev/Cocos/NewProject_2_3D/assets/resources/annimation_01.meta": {
    "time": 1650484646143.0742
  },
  "/Users/Shared/shazhiq/GameDev/Cocos/NewProject_2_3D/assets/animation-player-move.anim.meta": {
    "time": 1650486900158.744
  },
  "/Users/Shared/shazhiq/GameDev/Cocos/NewProject_2_3D/assets/animation-player-02.anim.meta": {
    "time": 1650489652592.2515
  },
  "/Users/Shared/shazhiq/GameDev/Cocos/NewProject_2_3D/assets/animation.anim.meta": {
    "time": 1650486443307.9597
  },
  "/Users/Shared/shazhiq/GameDev/Cocos/NewProject_2_3D/assets/scene.scene.meta": {
    "time": 1649758975455.5635
  },
  "/Users/Shared/shazhiq/GameDev/Cocos/NewProject_2_3D/assets/scripts/playerMove.ts.meta": {
    "time": 1649759552712.9204
  },
  "/Users/Shared/shazhiq/GameDev/Cocos/NewProject_2_3D/assets/scripts/wasteHandling.ts.meta": {
    "time": 1650339209970.2634
  },
  "/Users/Shared/shazhiq/GameDev/Cocos/NewProject_2_3D/assets/resources/Player_02/Armature_newAnimation_0.png.meta": {
    "time": 1650489581405.6099
  },
  "/Users/Shared/shazhiq/GameDev/Cocos/NewProject_2_3D/assets/resources/Player_02/Armature_newAnimation_1.png.meta": {
    "time": 1650489581413.8015
  },
  "/Users/Shared/shazhiq/GameDev/Cocos/NewProject_2_3D/assets/resources/recycle.png.meta": {
    "time": 1649758829479.807
  },
  "/Users/Shared/shazhiq/GameDev/Cocos/NewProject_2_3D/assets/resources/player.png.meta": {
    "time": 1649758854262.3848
  },
  "/Users/Shared/shazhiq/GameDev/Cocos/NewProject_2_3D/assets/resources/background1.png.meta": {
    "time": 1649758833811.618
  },
  "/Users/Shared/shazhiq/GameDev/Cocos/NewProject_2_3D/assets/resources/Player_02/Armature_newAnimation_2.png.meta": {
    "time": 1650489581424.2856
  },
  "/Users/Shared/shazhiq/GameDev/Cocos/NewProject_2_3D/assets/resources/Player_02/Armature_newAnimation_3.png.meta": {
    "time": 1650489581419.2742
  },
  "/Users/Shared/shazhiq/GameDev/Cocos/NewProject_2_3D/assets/resources/Player_02/Armature_newAnimation_4.png.meta": {
    "time": 1650489581430.3738
  },
  "/Users/Shared/shazhiq/GameDev/Cocos/NewProject_2_3D/assets/resources/Player_02/Armature_newAnimation_6.png.meta": {
    "time": 1650489581448.1633
  },
  "/Users/Shared/shazhiq/GameDev/Cocos/NewProject_2_3D/assets/resources/Player_02/Armature_newAnimation_5.png.meta": {
    "time": 1650489581437.8313
  },
  "/Users/Shared/shazhiq/GameDev/Cocos/NewProject_2_3D/assets/resources/Player_02/Armature_newAnimation_7.png.meta": {
    "time": 1650489581453.7317
  },
  "/Users/Shared/shazhiq/GameDev/Cocos/NewProject_2_3D/assets/resources/Player_02/Armature_newAnimation_8.png.meta": {
    "time": 1650489581458.2935
  },
  "/Users/Shared/shazhiq/GameDev/Cocos/NewProject_2_3D/assets/resources/annimation_01/Armature_newAnimation_03.png.meta": {
    "time": 1650484672656.6704
  },
  "/Users/Shared/shazhiq/GameDev/Cocos/NewProject_2_3D/assets/resources/annimation_01/Armature_newAnimation_05.png.meta": {
    "time": 1650484672830.1326
  },
  "/Users/Shared/shazhiq/GameDev/Cocos/NewProject_2_3D/assets/resources/annimation_01/Armature_newAnimation_06.png.meta": {
    "time": 1650484672918.197
  },
  "/Users/Shared/shazhiq/GameDev/Cocos/NewProject_2_3D/assets/resources/annimation_01/Armature_newAnimation_04.png.meta": {
    "time": 1650484672322.3555
  },
  "/Users/Shared/shazhiq/GameDev/Cocos/NewProject_2_3D/assets/resources/annimation_01/Armature_newAnimation_07.png.meta": {
    "time": 1650484672762.3848
  },
  "/Users/Shared/shazhiq/GameDev/Cocos/NewProject_2_3D/assets/resources/annimation_01/Armature_newAnimation_08.png.meta": {
    "time": 1650484672697.9363
  },
  "/Users/Shared/shazhiq/GameDev/Cocos/NewProject_2_3D/assets/resources/annimation_01/Armature_newAnimation_11.png.meta": {
    "time": 1650484672865.3398
  },
  "/Users/Shared/shazhiq/GameDev/Cocos/NewProject_2_3D/assets/resources/annimation_01/Armature_newAnimation_10.png.meta": {
    "time": 1650484672814.0623
  },
  "/Users/Shared/shazhiq/GameDev/Cocos/NewProject_2_3D/assets/resources/annimation_01/Armature_newAnimation_09.png.meta": {
    "time": 1650484672732.0364
  },
  "/Users/Shared/shazhiq/GameDev/Cocos/NewProject_2_3D/assets/resources/annimation_01/Armature_newAnimation_12.png.meta": {
    "time": 1650484672929.8362
  },
  "/Users/Shared/shazhiq/GameDev/Cocos/Demo_May24_simple_move/assets/animation-player-02.anim": {
    "time": 1650489703085.7444,
    "uuid": "e193ddeb-0145-416d-971c-9dffcc4677c8",
    "missing": false
  },
  "/Users/Shared/shazhiq/GameDev/Cocos/Demo_May24_simple_move/assets/resources": {
    "time": 1653301853850.0479,
    "uuid": "8fd0939a-2ad7-4b77-b935-a1a8827994bc",
    "missing": false
  },
  "/Users/Shared/shazhiq/GameDev/Cocos/Demo_May24_simple_move/assets/scene.scene": {
    "time": 1653375233014.496,
    "uuid": "845d90f4-8a8d-4f42-820c-c047213113e0",
    "missing": false
  },
  "/Users/Shared/shazhiq/GameDev/Cocos/Demo_May24_simple_move/assets/scripts": {
    "time": 1650339209948.996,
    "uuid": "54d33210-b186-48a9-9006-1d89472baeb3",
    "missing": false
  },
  "/Users/Shared/shazhiq/GameDev/Cocos/Demo_May24_simple_move/assets/resources/Player_02": {
    "time": 1650489581382.83,
    "uuid": "5d3fa04b-fc48-4359-9a01-5749c36ba5cc",
    "missing": false
  },
  "/Users/Shared/shazhiq/GameDev/Cocos/Demo_May24_simple_move/assets/resources/background1.png": {
    "time": 1649758833770.674,
    "uuid": "846ec8ad-2edb-4387-ba3b-2c99b0f830bc",
    "missing": false
  },
  "/Users/Shared/shazhiq/GameDev/Cocos/Demo_May24_simple_move/assets/resources/player.png": {
    "time": 1649758854213.386,
    "uuid": "21d20e2c-d5b0-466e-baf6-11392ee21639",
    "missing": false
  },
  "/Users/Shared/shazhiq/GameDev/Cocos/Demo_May24_simple_move/assets/resources/recycle.png": {
    "time": 1649758829456.138,
    "uuid": "14603127-eb9c-4f3d-a81a-c2443fb58b4c",
    "missing": false
  },
  "/Users/Shared/shazhiq/GameDev/Cocos/Demo_May24_simple_move/assets/scripts/playerMove.ts": {
    "time": 1653375146945.6125,
    "uuid": "3913418b-161a-432b-92bb-87dbc0f1a157",
    "missing": false
  },
  "/Users/Shared/shazhiq/GameDev/Cocos/Demo_May24_simple_move/assets/scripts/wasteHandling.ts": {
    "time": 1653374996022.8933,
    "uuid": "8a401671-7f95-42db-9a3e-f23a4a86f106",
    "missing": false
  },
  "/Users/Shared/shazhiq/GameDev/Cocos/Demo_May24_simple_move/assets/resources/Player_02/Armature_newAnimation_0.png": {
    "time": 1650489581369.2441,
    "uuid": "46c73e42-685a-48a4-8f67-5a6cd5e0afdf",
    "missing": false
  },
  "/Users/Shared/shazhiq/GameDev/Cocos/Demo_May24_simple_move/assets/resources/Player_02/Armature_newAnimation_1.png": {
    "time": 1650489581369.279,
    "uuid": "96cecfb9-dcdc-4d6b-b3c2-aac9b7c1d02f",
    "missing": false
  },
  "/Users/Shared/shazhiq/GameDev/Cocos/Demo_May24_simple_move/assets/resources/Player_02/Armature_newAnimation_2.png": {
    "time": 1650489581369.605,
    "uuid": "5a83fec4-3ffd-4a53-a6b7-d3ffa16fd197",
    "missing": false
  },
  "/Users/Shared/shazhiq/GameDev/Cocos/Demo_May24_simple_move/assets/resources/Player_02/Armature_newAnimation_3.png": {
    "time": 1650489581369.4656,
    "uuid": "f409c862-2bf4-4218-b8f9-c114a04704fc",
    "missing": false
  },
  "/Users/Shared/shazhiq/GameDev/Cocos/Demo_May24_simple_move/assets/resources/Player_02/Armature_newAnimation_4.png": {
    "time": 1650489581378.8171,
    "uuid": "9048e0ce-3334-458a-bf96-326b3c6db910",
    "missing": false
  },
  "/Users/Shared/shazhiq/GameDev/Cocos/Demo_May24_simple_move/assets/resources/Player_02/Armature_newAnimation_5.png": {
    "time": 1650489581379.253,
    "uuid": "76b93524-23aa-4397-93a4-4943d9f5b611",
    "missing": false
  },
  "/Users/Shared/shazhiq/GameDev/Cocos/Demo_May24_simple_move/assets/resources/Player_02/Armature_newAnimation_6.png": {
    "time": 1650489581379.8962,
    "uuid": "3c4715ed-489f-47da-b015-63ce384425d8",
    "missing": false
  },
  "/Users/Shared/shazhiq/GameDev/Cocos/Demo_May24_simple_move/assets/resources/Player_02/Armature_newAnimation_7.png": {
    "time": 1650489581380.0364,
    "uuid": "527ab7ef-d0c8-4eec-a9c4-934a49c398b6",
    "missing": false
  },
  "/Users/Shared/shazhiq/GameDev/Cocos/Demo_May24_simple_move/assets/resources/Player_02/Armature_newAnimation_8.png": {
    "time": 1650489581380.4512,
    "uuid": "415f87e5-dc7a-4ffb-a8b3-5416ed30dd26",
    "missing": false
  },
  "/Users/Shared/shazhiq/GameDev/Cocos/Demo_May24_simple_move/assets/resources.meta": {
    "time": 1649758821569.2485
  },
  "/Users/Shared/shazhiq/GameDev/Cocos/Demo_May24_simple_move/assets/scripts.meta": {
    "time": 1649759543144.2192
  },
  "/Users/Shared/shazhiq/GameDev/Cocos/Demo_May24_simple_move/assets/resources/Player_02.meta": {
    "time": 1650489573343.222
  },
  "/Users/Shared/shazhiq/GameDev/Cocos/Demo_May24_simple_move/assets/animation-player-02.anim.meta": {
    "time": 1650489652592.2515
  },
  "/Users/Shared/shazhiq/GameDev/Cocos/Demo_May24_simple_move/assets/scripts/playerMove.ts.meta": {
    "time": 1649759552712.9204
  },
  "/Users/Shared/shazhiq/GameDev/Cocos/Demo_May24_simple_move/assets/scene.scene.meta": {
    "time": 1649758975455.5635
  },
  "/Users/Shared/shazhiq/GameDev/Cocos/Demo_May24_simple_move/assets/scripts/wasteHandling.ts.meta": {
    "time": 1650339209970.2634
  },
  "/Users/Shared/shazhiq/GameDev/Cocos/Demo_May24_simple_move/assets/resources/Player_02/Armature_newAnimation_0.png.meta": {
    "time": 1650489581405.6099
  },
  "/Users/Shared/shazhiq/GameDev/Cocos/Demo_May24_simple_move/assets/resources/Player_02/Armature_newAnimation_1.png.meta": {
    "time": 1650489581413.8015
  },
  "/Users/Shared/shazhiq/GameDev/Cocos/Demo_May24_simple_move/assets/resources/player.png.meta": {
    "time": 1649758854262.385
  },
  "/Users/Shared/shazhiq/GameDev/Cocos/Demo_May24_simple_move/assets/resources/recycle.png.meta": {
    "time": 1649758829479.8071
  },
  "/Users/Shared/shazhiq/GameDev/Cocos/Demo_May24_simple_move/assets/resources/background1.png.meta": {
    "time": 1649758833811.618
  },
  "/Users/Shared/shazhiq/GameDev/Cocos/Demo_May24_simple_move/assets/resources/Player_02/Armature_newAnimation_2.png.meta": {
    "time": 1650489581424.2856
  },
  "/Users/Shared/shazhiq/GameDev/Cocos/Demo_May24_simple_move/assets/resources/Player_02/Armature_newAnimation_3.png.meta": {
    "time": 1650489581419.2742
  },
  "/Users/Shared/shazhiq/GameDev/Cocos/Demo_May24_simple_move/assets/resources/Player_02/Armature_newAnimation_4.png.meta": {
    "time": 1650489581430.3738
  },
  "/Users/Shared/shazhiq/GameDev/Cocos/Demo_May24_simple_move/assets/resources/Player_02/Armature_newAnimation_5.png.meta": {
    "time": 1650489581437.8313
  },
  "/Users/Shared/shazhiq/GameDev/Cocos/Demo_May24_simple_move/assets/resources/Player_02/Armature_newAnimation_6.png.meta": {
    "time": 1650489581448.1633
  },
  "/Users/Shared/shazhiq/GameDev/Cocos/Demo_May24_simple_move/assets/resources/Player_02/Armature_newAnimation_7.png.meta": {
    "time": 1650489581453.7317
  },
  "/Users/Shared/shazhiq/GameDev/Cocos/Demo_May24_simple_move/assets/resources/Player_02/Armature_newAnimation_8.png.meta": {
    "time": 1650489581458.2932
  },
  "/Users/Shared/shazhiq/GameDev/Cocos/Demo_May24_simple_move/assets/wasteDestroy.anim.meta": {
    "time": 1653302638456.8337
  },
  "/Users/Shared/shazhiq/GameDev/Cocos/Demo_May24_simple_move/assets/wasteDestroy.anim": {
    "time": 1653303079980.0774,
    "uuid": "686c45fa-2162-4a19-a8a9-ea700bc5a420",
    "missing": false
  },
  "/Users/shazhiq/Documents/Demo/Demo_May24_simple_move/assets/animation-player-02.anim": {
    "time": 1650489703000,
    "uuid": "e193ddeb-0145-416d-971c-9dffcc4677c8",
    "missing": false
  },
  "/Users/shazhiq/Documents/Demo/Demo_May24_simple_move/assets/resources": {
    "time": 1656393908777.8179,
    "uuid": "8fd0939a-2ad7-4b77-b935-a1a8827994bc",
    "missing": false
  },
  "/Users/shazhiq/Documents/Demo/Demo_May24_simple_move/assets/scene.scene": {
    "time": 1656399244662.9148,
    "uuid": "845d90f4-8a8d-4f42-820c-c047213113e0",
    "missing": false
  },
  "/Users/shazhiq/Documents/Demo/Demo_May24_simple_move/assets/scripts": {
    "time": 1656393908779.0269,
    "uuid": "54d33210-b186-48a9-9006-1d89472baeb3",
    "missing": false
  },
  "/Users/shazhiq/Documents/Demo/Demo_May24_simple_move/assets/wasteDestroy.anim": {
    "time": 1653303079000,
    "uuid": "686c45fa-2162-4a19-a8a9-ea700bc5a420",
    "missing": false
  },
  "/Users/shazhiq/Documents/Demo/Demo_May24_simple_move/assets/resources/Player_02": {
    "time": 1653979190699.6409,
    "uuid": "5d3fa04b-fc48-4359-9a01-5749c36ba5cc",
    "missing": false
  },
  "/Users/shazhiq/Documents/Demo/Demo_May24_simple_move/assets/resources/background1.png": {
    "time": 1649758833000,
    "uuid": "846ec8ad-2edb-4387-ba3b-2c99b0f830bc",
    "missing": false
  },
  "/Users/shazhiq/Documents/Demo/Demo_May24_simple_move/assets/resources/player.png": {
    "time": 1649758854000,
    "uuid": "21d20e2c-d5b0-466e-baf6-11392ee21639",
    "missing": false
  },
  "/Users/shazhiq/Documents/Demo/Demo_May24_simple_move/assets/resources/recycle.png": {
    "time": 1649758829000,
    "uuid": "14603127-eb9c-4f3d-a81a-c2443fb58b4c",
    "missing": false
  },
  "/Users/shazhiq/Documents/Demo/Demo_May24_simple_move/assets/scripts/playerMove.ts": {
    "time": 1655796465984.482,
    "uuid": "3913418b-161a-432b-92bb-87dbc0f1a157",
    "missing": false
  },
  "/Users/shazhiq/Documents/Demo/Demo_May24_simple_move/assets/scripts/wasteHandling.ts": {
    "time": 1655797952131.0413,
    "uuid": "8a401671-7f95-42db-9a3e-f23a4a86f106",
    "missing": false
  },
  "/Users/shazhiq/Documents/Demo/Demo_May24_simple_move/assets/resources/Player_02/Armature_newAnimation_0.png": {
    "time": 1650489581000,
    "uuid": "46c73e42-685a-48a4-8f67-5a6cd5e0afdf",
    "missing": false
  },
  "/Users/shazhiq/Documents/Demo/Demo_May24_simple_move/assets/resources/Player_02/Armature_newAnimation_1.png": {
    "time": 1650489581000,
    "uuid": "96cecfb9-dcdc-4d6b-b3c2-aac9b7c1d02f",
    "missing": false
  },
  "/Users/shazhiq/Documents/Demo/Demo_May24_simple_move/assets/resources/Player_02/Armature_newAnimation_2.png": {
    "time": 1650489581000,
    "uuid": "5a83fec4-3ffd-4a53-a6b7-d3ffa16fd197",
    "missing": false
  },
  "/Users/shazhiq/Documents/Demo/Demo_May24_simple_move/assets/resources/Player_02/Armature_newAnimation_3.png": {
    "time": 1650489581000,
    "uuid": "f409c862-2bf4-4218-b8f9-c114a04704fc",
    "missing": false
  },
  "/Users/shazhiq/Documents/Demo/Demo_May24_simple_move/assets/resources/Player_02/Armature_newAnimation_4.png": {
    "time": 1650489581000,
    "uuid": "9048e0ce-3334-458a-bf96-326b3c6db910",
    "missing": false
  },
  "/Users/shazhiq/Documents/Demo/Demo_May24_simple_move/assets/resources/Player_02/Armature_newAnimation_5.png": {
    "time": 1650489581000,
    "uuid": "76b93524-23aa-4397-93a4-4943d9f5b611",
    "missing": false
  },
  "/Users/shazhiq/Documents/Demo/Demo_May24_simple_move/assets/resources/Player_02/Armature_newAnimation_6.png": {
    "time": 1650489581000,
    "uuid": "3c4715ed-489f-47da-b015-63ce384425d8",
    "missing": false
  },
  "/Users/shazhiq/Documents/Demo/Demo_May24_simple_move/assets/resources/Player_02/Armature_newAnimation_7.png": {
    "time": 1650489581000,
    "uuid": "527ab7ef-d0c8-4eec-a9c4-934a49c398b6",
    "missing": false
  },
  "/Users/shazhiq/Documents/Demo/Demo_May24_simple_move/assets/resources/Player_02/Armature_newAnimation_8.png": {
    "time": 1650489581000,
    "uuid": "415f87e5-dc7a-4ffb-a8b3-5416ed30dd26",
    "missing": false
  },
  "/Users/shazhiq/Documents/Demo/Demo_May24_simple_move/assets/resources.meta": {
    "time": 1649758821000
  },
  "/Users/shazhiq/Documents/Demo/Demo_May24_simple_move/assets/scripts.meta": {
    "time": 1649759543000
  },
  "/Users/shazhiq/Documents/Demo/Demo_May24_simple_move/assets/resources/Player_02.meta": {
    "time": 1650489573000
  },
  "/Users/shazhiq/Documents/Demo/Demo_May24_simple_move/assets/wasteDestroy.anim.meta": {
    "time": 1653302638000
  },
  "/Users/shazhiq/Documents/Demo/Demo_May24_simple_move/assets/animation-player-02.anim.meta": {
    "time": 1650489652000
  },
  "/Users/shazhiq/Documents/Demo/Demo_May24_simple_move/assets/scripts/playerMove.ts.meta": {
    "time": 1649759552000
  },
  "/Users/shazhiq/Documents/Demo/Demo_May24_simple_move/assets/scene.scene.meta": {
    "time": 1649758975000
  },
  "/Users/shazhiq/Documents/Demo/Demo_May24_simple_move/assets/scripts/wasteHandling.ts.meta": {
    "time": 1650339209000
  },
  "/Users/shazhiq/Documents/Demo/Demo_May24_simple_move/assets/resources/Player_02/Armature_newAnimation_0.png.meta": {
    "time": 1650489581000
  },
  "/Users/shazhiq/Documents/Demo/Demo_May24_simple_move/assets/resources/recycle.png.meta": {
    "time": 1649758829000
  },
  "/Users/shazhiq/Documents/Demo/Demo_May24_simple_move/assets/resources/player.png.meta": {
    "time": 1649758854000
  },
  "/Users/shazhiq/Documents/Demo/Demo_May24_simple_move/assets/resources/Player_02/Armature_newAnimation_1.png.meta": {
    "time": 1650489581000
  },
  "/Users/shazhiq/Documents/Demo/Demo_May24_simple_move/assets/resources/background1.png.meta": {
    "time": 1649758833000
  },
  "/Users/shazhiq/Documents/Demo/Demo_May24_simple_move/assets/resources/Player_02/Armature_newAnimation_4.png.meta": {
    "time": 1650489581000
  },
  "/Users/shazhiq/Documents/Demo/Demo_May24_simple_move/assets/resources/Player_02/Armature_newAnimation_2.png.meta": {
    "time": 1650489581000
  },
  "/Users/shazhiq/Documents/Demo/Demo_May24_simple_move/assets/resources/Player_02/Armature_newAnimation_3.png.meta": {
    "time": 1650489581000
  },
  "/Users/shazhiq/Documents/Demo/Demo_May24_simple_move/assets/resources/Player_02/Armature_newAnimation_5.png.meta": {
    "time": 1650489581000
  },
  "/Users/shazhiq/Documents/Demo/Demo_May24_simple_move/assets/resources/Player_02/Armature_newAnimation_6.png.meta": {
    "time": 1650489581000
  },
  "/Users/shazhiq/Documents/Demo/Demo_May24_simple_move/assets/resources/Player_02/Armature_newAnimation_8.png.meta": {
    "time": 1650489581000
  },
  "/Users/shazhiq/Documents/Demo/Demo_May24_simple_move/assets/resources/Player_02/Armature_newAnimation_7.png.meta": {
    "time": 1650489581000
  },
  "/Users/shazhiq/Documents/Demo/Demo_May24_simple_move/assets/scripts/backgroundMove.ts.meta": {
    "time": 1653979452098.0916
  },
  "/Users/shazhiq/Documents/Demo/Demo_May24_simple_move/assets/scripts/backgroundMove.ts": {
    "time": 1654588482286.3733,
    "uuid": "22c5d2a4-c8b9-4db7-9e35-14d4e4c0fcb7",
    "missing": false
  },
  "/Users/shazhiq/Documents/Demo/Demo_May24_simple_move/assets/resources/bg01.png.meta": {
    "time": 1653983623159.5703
  },
  "/Users/shazhiq/Documents/Demo/Demo_May24_simple_move/assets/resources/bg01.png": {
    "time": 1653983622805.4214,
    "uuid": "7e5656ba-37d5-4045-a464-4fd2ef8644c7",
    "missing": false
  },
  "/Users/shazhiq/Documents/Demo/Demo_May24_simple_move/assets/resources/bg02.png.meta": {
    "time": 1653983627766.61
  },
  "/Users/shazhiq/Documents/Demo/Demo_May24_simple_move/assets/resources/bg02.png": {
    "time": 1653983627720.8596,
    "uuid": "eccffdb0-1521-47c9-9440-bdbd61071ee4",
    "missing": false
  },
  "/Users/shazhiq/Documents/Demo/Demo_May24_simple_move/assets/scene_summary.scene.meta": {
    "time": 1653983661826.3542
  },
  "/Users/shazhiq/Documents/Demo/Demo_May24_simple_move/assets/scene_summary.scene": {
    "time": 1653983711626.9683,
    "uuid": "25ca5e19-5804-40c4-8a8d-7592f29baa0d",
    "missing": false
  },
  "/Users/shazhiq/Documents/Demo/Demo_May24_simple_move/assets/recycle.prefab.meta": {
    "time": 1654577187117.0957
  },
  "/Users/shazhiq/Documents/Demo/Demo_May24_simple_move/assets/recycle.prefab": {
    "time": 1654577187110.8928,
    "uuid": "84ed8ec1-e074-4dec-8f61-d0004daa945e",
    "missing": false
  },
  "/Users/shazhiq/Documents/Demo/Demo_May24_simple_move/assets/scripts/wasteManager.ts.meta": {
    "time": 1654577841069.2993
  },
  "/Users/shazhiq/Documents/Demo/Demo_May24_simple_move/assets/scripts/wasteManager.ts": {
    "time": 1655797648117.9097,
    "uuid": "a278ab5c-d045-4c6e-872f-cf28a06674e3",
    "missing": false
  },
  "/Users/shazhiq/Documents/Demo/Demo_May24_simple_move/assets/resources/Jun14_Demo": {
    "time": 1656393908782.009,
    "uuid": "5f6a06d4-4dcb-4066-a321-c2fac2a1e5bb",
    "missing": false
  },
  "/Users/shazhiq/Documents/Demo/Demo_May24_simple_move/assets/resources/level1_pics": {
    "time": 1656393908784.807,
    "uuid": "d91e5c71-08b8-4d57-9bc3-7fc4339a9ee3",
    "missing": false
  },
  "/Users/shazhiq/Documents/Demo/Demo_May24_simple_move/assets/scripts/level1": {
    "time": 1656393908785.2664,
    "uuid": "572e4fae-4eff-4657-9f16-82b9954d0c22",
    "missing": false
  },
  "/Users/shazhiq/Documents/Demo/Demo_May24_simple_move/assets/resources/Jun14_Demo/Albert_file2": {
    "time": 1656393459615.222,
    "uuid": "2e25be1b-cd38-465b-af37-a999572112c2",
    "missing": false
  },
  "/Users/shazhiq/Documents/Demo/Demo_May24_simple_move/assets/resources/Jun14_Demo/Anne_test": {
    "time": 1656393459615.3257,
    "uuid": "1c64a087-3ebc-4110-a685-cf6c03f2e84b",
    "missing": false
  },
  "/Users/shazhiq/Documents/Demo/Demo_May24_simple_move/assets/resources/Jun14_Demo/Anthony_Test": {
    "time": 1656393459615.4163,
    "uuid": "864f2e8b-208b-40f2-8171-d03d6735a31d",
    "missing": false
  },
  "/Users/shazhiq/Documents/Demo/Demo_May24_simple_move/assets/resources/Jun14_Demo/Bill_Demo": {
    "time": 1656393459615.5012,
    "uuid": "ae01ee9f-3820-408d-a15b-e2cac89e7676",
    "missing": false
  },
  "/Users/shazhiq/Documents/Demo/Demo_May24_simple_move/assets/resources/Jun14_Demo/Echo_test": {
    "time": 1656393459615.5847,
    "uuid": "94a0b4f8-e32c-4100-9cce-1097789687cf",
    "missing": false
  },
  "/Users/shazhiq/Documents/Demo/Demo_May24_simple_move/assets/resources/Jun14_Demo/Gloria_demo": {
    "time": 1656393459615.6675,
    "uuid": "e61eb309-0ec5-458b-8e2d-90731d3e976a",
    "missing": false
  },
  "/Users/shazhiq/Documents/Demo/Demo_May24_simple_move/assets/resources/Jun14_Demo/Hugo_test": {
    "time": 1656393459615.7722,
    "uuid": "b0683d0a-8523-4c57-8d6e-8654499b6202",
    "missing": false
  },
  "/Users/shazhiq/Documents/Demo/Demo_May24_simple_move/assets/resources/Jun14_Demo/Kayla": {
    "time": 1656393459615.862,
    "uuid": "90009347-3fdc-4f8a-973a-8827f3e0b4b1",
    "missing": false
  },
  "/Users/shazhiq/Documents/Demo/Demo_May24_simple_move/assets/resources/Jun14_Demo/Zachary_test": {
    "time": 1656393459615.9504,
    "uuid": "475c9d11-e098-4fae-bd1a-411f202b5046",
    "missing": false
  },
  "/Users/shazhiq/Documents/Demo/Demo_May24_simple_move/assets/resources/Jun14_Demo/file?": {
    "time": 1656393459616.0337,
    "uuid": "ef0391a2-6468-4cbf-9f05-3ded4ca8b581",
    "missing": false
  },
  "/Users/shazhiq/Documents/Demo/Demo_May24_simple_move/assets/resources/Jun14_Demo/readme.md": {
    "time": 1656393459616.121,
    "uuid": "fafa58ba-80e8-4988-a619-a12c831b80da",
    "missing": false
  },
  "/Users/shazhiq/Documents/Demo/Demo_May24_simple_move/assets/resources/level1_pics/C4G BackgroundConveyorBelt (1).png": {
    "time": 1656393459617.8977,
    "uuid": "855029ec-8136-4110-95bc-f6e87e0bddd3",
    "missing": false
  },
  "/Users/shazhiq/Documents/Demo/Demo_May24_simple_move/assets/resources/level1_pics/C4G stuff2": {
    "time": 1656393908786.1294,
    "uuid": "90908832-1268-4ccf-92f3-a90fdcde764b",
    "missing": false
  },
  "/Users/shazhiq/Documents/Demo/Demo_May24_simple_move/assets/resources/level1_pics/Converyorbeltsetup.png": {
    "time": 1656393459622.8862,
    "uuid": "d8303e62-18eb-49c7-8185-f2951c0c32cb",
    "missing": false
  },
  "/Users/shazhiq/Documents/Demo/Demo_May24_simple_move/assets/resources/level1_pics/mrf-with-mayor.jpg": {
    "time": 1656393459626.7014,
    "uuid": "207b5dc9-ef77-4e2f-b89f-8a616604714c",
    "missing": false
  },
  "/Users/shazhiq/Documents/Demo/Demo_May24_simple_move/assets/resources/level1_pics/readme.md": {
    "time": 1656393459627.255,
    "uuid": "d6902f47-5bf6-45b3-8db9-76d694cc19ec",
    "missing": false
  },
  "/Users/shazhiq/Documents/Demo/Demo_May24_simple_move/assets/resources/level1_pics/summaryscreen.jpeg": {
    "time": 1656393459627.7832,
    "uuid": "2f570c2a-d1a5-43ff-9683-b7f451d9c443",
    "missing": false
  },
  "/Users/shazhiq/Documents/Demo/Demo_May24_simple_move/assets/scripts/level1/Conveyor Belt": {
    "time": 1656393459627.9988,
    "uuid": "3728279b-7f71-46e5-89a8-572e2217eba9",
    "missing": false
  },
  "/Users/shazhiq/Documents/Demo/Demo_May24_simple_move/assets/scripts/level1/Sound effect": {
    "time": 1656393459628.0994,
    "uuid": "0421ebb2-526d-4896-9ecd-002a15b7e3f5",
    "missing": false
  },
  "/Users/shazhiq/Documents/Demo/Demo_May24_simple_move/assets/scripts/level1/readme.md": {
    "time": 1656393459628.1838,
    "uuid": "9b04555f-7024-4537-95dc-2d76a05a3d80",
    "missing": false
  },
  "/Users/shazhiq/Documents/Demo/Demo_May24_simple_move/assets/resources/level1_pics/C4G stuff2/PL3.png": {
    "time": 1656393459618.1045,
    "uuid": "0498bd40-6370-43c9-95ec-64d1c7bee091",
    "missing": false
  },
  "/Users/shazhiq/Documents/Demo/Demo_May24_simple_move/assets/resources/level1_pics/C4G stuff2/PL4.png": {
    "time": 1656393459618.1965,
    "uuid": "4953a2e7-dc37-4ce9-a6c3-fcd157e1c249",
    "missing": false
  },
  "/Users/shazhiq/Documents/Demo/Demo_May24_simple_move/assets/resources/level1_pics/C4G stuff2/Scoreboard1.png": {
    "time": 1656393459618.2905,
    "uuid": "69074eae-3dfc-419f-b2d1-31590c5969db",
    "missing": false
  },
  "/Users/shazhiq/Documents/Demo/Demo_May24_simple_move/assets/resources/level1_pics/C4G stuff2/belt1-1.png": {
    "time": 1656393459618.3892,
    "uuid": "2079a58f-8938-4b10-b0f5-5744f18d526d",
    "missing": false
  },
  "/Users/shazhiq/Documents/Demo/Demo_May24_simple_move/assets/resources/level1_pics/C4G stuff2/belt1-2.png": {
    "time": 1656393459618.4797,
    "uuid": "568a7c72-2abb-4e2f-839c-2d4988f536cd",
    "missing": false
  },
  "/Users/shazhiq/Documents/Demo/Demo_May24_simple_move/assets/resources/level1_pics/C4G stuff2/rubbish pixel art": {
    "time": 1656393908786.5842,
    "uuid": "3a99084d-f7a6-4ee1-804a-d98d28902b02",
    "missing": false
  },
  "/Users/shazhiq/Documents/Demo/Demo_May24_simple_move/assets/resources/level1_pics/C4G stuff2/rubbish pixel art/Can1.png": {
    "time": 1656393459618.6267,
    "uuid": "4586202d-5d54-4e7a-95f8-36b022ec5c44",
    "missing": false
  },
  "/Users/shazhiq/Documents/Demo/Demo_May24_simple_move/assets/resources/level1_pics/C4G stuff2/rubbish pixel art/box1.png": {
    "time": 1656393459618.724,
    "uuid": "10a00708-df6e-468b-9dc8-998cfa0595f7",
    "missing": false
  },
  "/Users/shazhiq/Documents/Demo/Demo_May24_simple_move/assets/resources/level1_pics/C4G stuff2/rubbish pixel art/peel1.png": {
    "time": 1656393459618.8137,
    "uuid": "dde82450-a736-4b94-9604-bf49caa34e68",
    "missing": false
  },
  "/Users/shazhiq/Documents/Demo/Demo_May24_simple_move/assets/resources/Jun14_Demo.meta": {
    "time": 1656393908791.4312
  },
  "/Users/shazhiq/Documents/Demo/Demo_May24_simple_move/assets/resources/level1_pics.meta": {
    "time": 1656393908793.3398
  },
  "/Users/shazhiq/Documents/Demo/Demo_May24_simple_move/assets/scripts/level1.meta": {
    "time": 1656393908795.4712
  },
  "/Users/shazhiq/Documents/Demo/Demo_May24_simple_move/assets/resources/Jun14_Demo/Albert_file2.meta": {
    "time": 1656393908814.3027
  },
  "/Users/shazhiq/Documents/Demo/Demo_May24_simple_move/assets/resources/Jun14_Demo/Anthony_Test.meta": {
    "time": 1656393908815.0486
  },
  "/Users/shazhiq/Documents/Demo/Demo_May24_simple_move/assets/resources/Jun14_Demo/Anne_test.meta": {
    "time": 1656393908815.8196
  },
  "/Users/shazhiq/Documents/Demo/Demo_May24_simple_move/assets/resources/Jun14_Demo/Echo_test.meta": {
    "time": 1656393908817.2017
  },
  "/Users/shazhiq/Documents/Demo/Demo_May24_simple_move/assets/resources/Jun14_Demo/Bill_Demo.meta": {
    "time": 1656393908817.859
  },
  "/Users/shazhiq/Documents/Demo/Demo_May24_simple_move/assets/resources/Jun14_Demo/Hugo_test.meta": {
    "time": 1656393908821.4082
  },
  "/Users/shazhiq/Documents/Demo/Demo_May24_simple_move/assets/resources/Jun14_Demo/Kayla.meta": {
    "time": 1656393908822.3457
  },
  "/Users/shazhiq/Documents/Demo/Demo_May24_simple_move/assets/resources/Jun14_Demo/Gloria_demo.meta": {
    "time": 1656393908823.3887
  },
  "/Users/shazhiq/Documents/Demo/Demo_May24_simple_move/assets/resources/Jun14_Demo/Zachary_test.meta": {
    "time": 1656393908824.9968
  },
  "/Users/shazhiq/Documents/Demo/Demo_May24_simple_move/assets/resources/Jun14_Demo/file?.meta": {
    "time": 1656393908826.7573
  },
  "/Users/shazhiq/Documents/Demo/Demo_May24_simple_move/assets/resources/level1_pics/C4G stuff2.meta": {
    "time": 1656393908829.9285
  },
  "/Users/shazhiq/Documents/Demo/Demo_May24_simple_move/assets/resources/Jun14_Demo/readme.md.meta": {
    "time": 1656393908834.2249
  },
  "/Users/shazhiq/Documents/Demo/Demo_May24_simple_move/assets/resources/level1_pics/readme.md.meta": {
    "time": 1656393908836.714
  },
  "/Users/shazhiq/Documents/Demo/Demo_May24_simple_move/assets/scripts/level1/Conveyor Belt.meta": {
    "time": 1656393908844.5774
  },
  "/Users/shazhiq/Documents/Demo/Demo_May24_simple_move/assets/scripts/level1/Sound effect.meta": {
    "time": 1656393908946.2795
  },
  "/Users/shazhiq/Documents/Demo/Demo_May24_simple_move/assets/resources/level1_pics/C4G BackgroundConveyorBelt (1).png.meta": {
    "time": 1656393908954.664
  },
  "/Users/shazhiq/Documents/Demo/Demo_May24_simple_move/assets/resources/level1_pics/mrf-with-mayor.jpg.meta": {
    "time": 1656393908955.7075
  },
  "/Users/shazhiq/Documents/Demo/Demo_May24_simple_move/assets/resources/level1_pics/summaryscreen.jpeg.meta": {
    "time": 1656393908961.569
  },
  "/Users/shazhiq/Documents/Demo/Demo_May24_simple_move/assets/resources/level1_pics/Converyorbeltsetup.png.meta": {
    "time": 1656393908964.6475
  },
  "/Users/shazhiq/Documents/Demo/Demo_May24_simple_move/assets/scripts/level1/readme.md.meta": {
    "time": 1656393908970.6863
  },
  "/Users/shazhiq/Documents/Demo/Demo_May24_simple_move/assets/resources/level1_pics/C4G stuff2/belt1-1.png.meta": {
    "time": 1656393908991.0208
  },
  "/Users/shazhiq/Documents/Demo/Demo_May24_simple_move/assets/resources/level1_pics/C4G stuff2/rubbish pixel art.meta": {
    "time": 1656393908993.6777
  },
  "/Users/shazhiq/Documents/Demo/Demo_May24_simple_move/assets/resources/level1_pics/C4G stuff2/PL3.png.meta": {
    "time": 1656393908997.5
  },
  "/Users/shazhiq/Documents/Demo/Demo_May24_simple_move/assets/resources/level1_pics/C4G stuff2/Scoreboard1.png.meta": {
    "time": 1656393908999.4917
  },
  "/Users/shazhiq/Documents/Demo/Demo_May24_simple_move/assets/resources/level1_pics/C4G stuff2/PL4.png.meta": {
    "time": 1656393909001.7676
  },
  "/Users/shazhiq/Documents/Demo/Demo_May24_simple_move/assets/resources/level1_pics/C4G stuff2/belt1-2.png.meta": {
    "time": 1656393909004.122
  },
  "/Users/shazhiq/Documents/Demo/Demo_May24_simple_move/assets/resources/level1_pics/C4G stuff2/rubbish pixel art/Can1.png.meta": {
    "time": 1656393909020.5085
  },
  "/Users/shazhiq/Documents/Demo/Demo_May24_simple_move/assets/resources/level1_pics/C4G stuff2/rubbish pixel art/box1.png.meta": {
    "time": 1656393909023.2366
  },
  "/Users/shazhiq/Documents/Demo/Demo_May24_simple_move/assets/resources/level1_pics/C4G stuff2/rubbish pixel art/peel1.png.meta": {
    "time": 1656393909024.6091
  }
}
