[
  {
    "__type__": "cc.SceneAsset",
    "_name": "scene-start",
    "_objFlags": 0,
    "_native": "",
    "scene": {
      "__id__": 1
    }
  },
  {
    "__type__": "cc.Scene",
    "_name": "scene-start",
    "_objFlags": 0,
    "_parent": null,
    "_children": [
      {
        "__id__": 2
      },
      {
        "__id__": 27
      }
    ],
    "_active": true,
    "_components": [],
    "_prefab": null,
    "autoReleaseAssets": false,
    "_globals": {
      "__id__": 29
    },
    "_id": "aeb13901-4390-4ace-a7ae-967e8c31c40d"
  },
  {
    "__type__": "cc.Node",
    "_name": "Canvas",
    "_objFlags": 0,
    "_parent": {
      "__id__": 1
    },
    "_children": [
      {
        "__id__": 3
      },
      {
        "__id__": 5
      },
      {
        "__id__": 9
      },
      {
        "__id__": 17
      },
      {
        "__id__": 21
      }
    ],
    "_active": true,
    "_components": [
      {
        "__id__": 24
      },
      {
        "__id__": 25
      },
      {
        "__id__": 26
      }
    ],
    "_prefab": null,
    "_lpos": {
      "__type__": "cc.Vec3",
      "x": 480,
      "y": 320,
      "z": 0
    },
    "_lrot": {
      "__type__": "cc.Quat",
      "x": 0,
      "y": 0,
      "z": 0,
      "w": 1
    },
    "_lscale": {
      "__type__": "cc.Vec3",
      "x": 1,
      "y": 1,
      "z": 1
    },
    "_layer": 33554432,
    "_euler": {
      "__type__": "cc.Vec3",
      "x": 0,
      "y": 0,
      "z": 0
    },
    "_id": "99dzvPishHfYytJHa20f+6"
  },
  {
    "__type__": "cc.Node",
    "_name": "Camera",
    "_objFlags": 0,
    "_parent": {
      "__id__": 2
    },
    "_children": [],
    "_active": true,
    "_components": [
      {
        "__id__": 4
      }
    ],
    "_prefab": null,
    "_lpos": {
      "__type__": "cc.Vec3",
      "x": 0,
      "y": 0,
      "z": 1000
    },
    "_lrot": {
      "__type__": "cc.Quat",
      "x": 0,
      "y": 0,
      "z": 0,
      "w": 1
    },
    "_lscale": {
      "__type__": "cc.Vec3",
      "x": 1,
      "y": 1,
      "z": 1
    },
    "_layer": 1073741824,
    "_euler": {
      "__type__": "cc.Vec3",
      "x": 0,
      "y": 0,
      "z": 0
    },
    "_id": "a5t4Zp6npPV5njVr7C0cOg"
  },
  {
    "__type__": "cc.Camera",
    "_name": "",
    "_objFlags": 0,
    "node": {
      "__id__": 3
    },
    "_enabled": true,
    "__prefab": null,
    "_projection": 0,
    "_priority": 1073741824,
    "_fov": 45,
    "_fovAxis": 0,
    "_orthoHeight": 320,
    "_near": 1,
    "_far": 2000,
    "_color": {
      "__type__": "cc.Color",
      "r": 0,
      "g": 0,
      "b": 0,
      "a": 255
    },
    "_depth": 1,
    "_stencil": 0,
    "_clearFlags": 6,
    "_rect": {
      "__type__": "cc.Rect",
      "x": 0,
      "y": 0,
      "width": 1,
      "height": 1
    },
    "_aperture": 19,
    "_shutter": 7,
    "_iso": 0,
    "_screenScale": 1,
    "_visibility": 41943040,
    "_targetTexture": null,
    "_id": "52dhR/J+dKv6E0anD8SVg4"
  },
  {
    "__type__": "cc.Node",
    "_name": "bg_selection_factory",
    "_objFlags": 0,
    "_parent": {
      "__id__": 2
    },
    "_children": [],
    "_active": true,
    "_components": [
      {
        "__id__": 6
      },
      {
        "__id__": 7
      },
      {
        "__id__": 8
      }
    ],
    "_prefab": null,
    "_lpos": {
      "__type__": "cc.Vec3",
      "x": -250,
      "y": 135,
      "z": 0
    },
    "_lrot": {
      "__type__": "cc.Quat",
      "x": 0,
      "y": 0,
      "z": 0,
      "w": 1
    },
    "_lscale": {
      "__type__": "cc.Vec3",
      "x": 0.3,
      "y": 0.3,
      "z": 1
    },
    "_layer": 33554432,
    "_euler": {
      "__type__": "cc.Vec3",
      "x": 0,
      "y": 0,
      "z": 0
    },
    "_id": "c4p3X5S6JJiYV2QG8I2MgI"
  },
  {
    "__type__": "cc.UITransform",
    "_name": "",
    "_objFlags": 0,
    "node": {
      "__id__": 5
    },
    "_enabled": true,
    "__prefab": null,
    "_contentSize": {
      "__type__": "cc.Size",
      "width": 1200,
      "height": 900
    },
    "_anchorPoint": {
      "__type__": "cc.Vec2",
      "x": 0.5,
      "y": 0.5
    },
    "_id": "42qwXh0nZPbp5nzlpWlsdZ"
  },
  {
    "__type__": "cc.Sprite",
    "_name": "",
    "_objFlags": 0,
    "node": {
      "__id__": 5
    },
    "_enabled": true,
    "__prefab": null,
    "_visFlags": 0,
    "_customMaterial": null,
    "_srcBlendFactor": 2,
    "_dstBlendFactor": 4,
    "_color": {
      "__type__": "cc.Color",
      "r": 255,
      "g": 255,
      "b": 255,
      "a": 255
    },
    "_spriteFrame": {
      "__uuid__": "7c908fa5-3967-4888-befa-356702a79e85@f9941",
      "__expectedType__": "cc.SpriteFrame"
    },
    "_type": 0,
    "_fillType": 0,
    "_sizeMode": 1,
    "_fillCenter": {
      "__type__": "cc.Vec2",
      "x": 0,
      "y": 0
    },
    "_fillStart": 0,
    "_fillRange": 0,
    "_isTrimmedMode": true,
    "_useGrayscale": false,
    "_atlas": null,
    "_id": "7coqa6sGZBg6qG/PxzJAcX"
  },
  {
    "__type__": "cc.Widget",
    "_name": "",
    "_objFlags": 0,
    "node": {
      "__id__": 5
    },
    "_enabled": true,
    "__prefab": null,
    "_alignFlags": 9,
    "_target": null,
    "_left": 50,
    "_right": 0,
    "_top": 50,
    "_bottom": 0,
    "_horizontalCenter": 0,
    "_verticalCenter": 0,
    "_isAbsLeft": true,
    "_isAbsRight": true,
    "_isAbsTop": true,
    "_isAbsBottom": true,
    "_isAbsHorizontalCenter": true,
    "_isAbsVerticalCenter": true,
    "_originalWidth": 0,
    "_originalHeight": 0,
    "_alignMode": 2,
    "_lockFlags": 0,
    "_id": "34ySkr1sFCXbE5GVXdFQG3"
  },
  {
    "__type__": "cc.Node",
    "_name": "Btn_StartGame",
    "_objFlags": 0,
    "_parent": {
      "__id__": 2
    },
    "_children": [
      {
        "__id__": 10
      }
    ],
    "_active": true,
    "_components": [
      {
        "__id__": 13
      },
      {
        "__id__": 14
      },
      {
        "__id__": 15
      },
      {
        "__id__": 16
      }
    ],
    "_prefab": null,
    "_lpos": {
      "__type__": "cc.Vec3",
      "x": 134.051,
      "y": -269.497,
      "z": 0
    },
    "_lrot": {
      "__type__": "cc.Quat",
      "x": 0,
      "y": 0,
      "z": 0,
      "w": 1
    },
    "_lscale": {
      "__type__": "cc.Vec3",
      "x": 1,
      "y": 1,
      "z": 1
    },
    "_layer": 33554432,
    "_euler": {
      "__type__": "cc.Vec3",
      "x": 0,
      "y": 0,
      "z": 0
    },
    "_id": "abWc9KnSNLJpQdFRlaSLdR"
  },
  {
    "__type__": "cc.Node",
    "_name": "Label",
    "_objFlags": 512,
    "_parent": {
      "__id__": 9
    },
    "_children": [],
    "_active": true,
    "_components": [
      {
        "__id__": 11
      },
      {
        "__id__": 12
      }
    ],
    "_prefab": null,
    "_lpos": {
      "__type__": "cc.Vec3",
      "x": 0,
      "y": 0,
      "z": 0
    },
    "_lrot": {
      "__type__": "cc.Quat",
      "x": 0,
      "y": 0,
      "z": 0,
      "w": 1
    },
    "_lscale": {
      "__type__": "cc.Vec3",
      "x": 1,
      "y": 1,
      "z": 1
    },
    "_layer": 33554432,
    "_euler": {
      "__type__": "cc.Vec3",
      "x": 0,
      "y": 0,
      "z": 0
    },
    "_id": "e2ns6LNfhG3r5ebB0QJN7I"
  },
  {
    "__type__": "cc.UITransform",
    "_name": "",
    "_objFlags": 0,
    "node": {
      "__id__": 10
    },
    "_enabled": true,
    "__prefab": null,
    "_contentSize": {
      "__type__": "cc.Size",
      "width": 150,
      "height": 40
    },
    "_anchorPoint": {
      "__type__": "cc.Vec2",
      "x": 0.5,
      "y": 0.5
    },
    "_id": "53wR2IpDpCab5VqzT4w9to"
  },
  {
    "__type__": "cc.Label",
    "_name": "",
    "_objFlags": 0,
    "node": {
      "__id__": 10
    },
    "_enabled": true,
    "__prefab": null,
    "_visFlags": 0,
    "_customMaterial": null,
    "_srcBlendFactor": 2,
    "_dstBlendFactor": 4,
    "_color": {
      "__type__": "cc.Color",
      "r": 0,
      "g": 0,
      "b": 0,
      "a": 255
    },
    "_string": "Start",
    "_horizontalAlign": 1,
    "_verticalAlign": 1,
    "_actualFontSize": 20,
    "_fontSize": 20,
    "_fontFamily": "Arial",
    "_lineHeight": 40,
    "_overflow": 1,
    "_enableWrapText": false,
    "_font": null,
    "_isSystemFontUsed": true,
    "_spacingX": 0,
    "_isItalic": false,
    "_isBold": false,
    "_isUnderline": false,
    "_underlineHeight": 2,
    "_cacheMode": 0,
    "_id": "ebwBKxsl5JV6nKk6ROXr5l"
  },
  {
    "__type__": "cc.UITransform",
    "_name": "",
    "_objFlags": 0,
    "node": {
      "__id__": 9
    },
    "_enabled": true,
    "__prefab": null,
    "_contentSize": {
      "__type__": "cc.Size",
      "width": 100,
      "height": 40
    },
    "_anchorPoint": {
      "__type__": "cc.Vec2",
      "x": 0.5,
      "y": 0.5
    },
    "_id": "560u/Stk1EQLUCJ4KYzB/X"
  },
  {
    "__type__": "cc.Sprite",
    "_name": "",
    "_objFlags": 0,
    "node": {
      "__id__": 9
    },
    "_enabled": true,
    "__prefab": null,
    "_visFlags": 0,
    "_customMaterial": null,
    "_srcBlendFactor": 2,
    "_dstBlendFactor": 4,
    "_color": {
      "__type__": "cc.Color",
      "r": 255,
      "g": 255,
      "b": 255,
      "a": 255
    },
    "_spriteFrame": {
      "__uuid__": "20835ba4-6145-4fbc-a58a-051ce700aa3e@f9941",
      "__expectedType__": "cc.SpriteFrame"
    },
    "_type": 1,
    "_fillType": 0,
    "_sizeMode": 0,
    "_fillCenter": {
      "__type__": "cc.Vec2",
      "x": 0,
      "y": 0
    },
    "_fillStart": 0,
    "_fillRange": 0,
    "_isTrimmedMode": true,
    "_useGrayscale": false,
    "_atlas": null,
    "_id": "d1aNWObONCBLhUN9c2ZO8I"
  },
  {
    "__type__": "cc.Button",
    "_name": "",
    "_objFlags": 0,
    "node": {
      "__id__": 9
    },
    "_enabled": true,
    "__prefab": null,
    "clickEvents": [],
    "_interactable": true,
    "_transition": 2,
    "_normalColor": {
      "__type__": "cc.Color",
      "r": 214,
      "g": 214,
      "b": 214,
      "a": 255
    },
    "_hoverColor": {
      "__type__": "cc.Color",
      "r": 211,
      "g": 211,
      "b": 211,
      "a": 255
    },
    "_pressedColor": {
      "__type__": "cc.Color",
      "r": 255,
      "g": 255,
      "b": 255,
      "a": 255
    },
    "_disabledColor": {
      "__type__": "cc.Color",
      "r": 124,
      "g": 124,
      "b": 124,
      "a": 255
    },
    "_normalSprite": {
      "__uuid__": "20835ba4-6145-4fbc-a58a-051ce700aa3e@f9941",
      "__expectedType__": "cc.SpriteFrame"
    },
    "_hoverSprite": {
      "__uuid__": "20835ba4-6145-4fbc-a58a-051ce700aa3e@f9941",
      "__expectedType__": "cc.SpriteFrame"
    },
    "_pressedSprite": {
      "__uuid__": "544e49d6-3f05-4fa8-9a9e-091f98fc2ce8@f9941",
      "__expectedType__": "cc.SpriteFrame"
    },
    "_disabledSprite": {
      "__uuid__": "951249e0-9f16-456d-8b85-a6ca954da16b@f9941",
      "__expectedType__": "cc.SpriteFrame"
    },
    "_duration": 0.1,
    "_zoomScale": 1.2,
    "_target": {
      "__id__": 9
    },
    "_id": "760UuofSZKibAqgg4GpPRV"
  },
  {
    "__type__": "fb202wZ4mhNp7ShSsh3cGaG",
    "_name": "",
    "_objFlags": 0,
    "node": {
      "__id__": 9
    },
    "_enabled": true,
    "__prefab": null,
    "nextScene": "MainScene",
    "_id": "c3p6ng5qlGnLB1dojLLqPm"
  },
  {
    "__type__": "cc.Node",
    "_name": "Label_KnowledgeSharing",
    "_objFlags": 0,
    "_parent": {
      "__id__": 2
    },
    "_children": [],
    "_active": true,
    "_components": [
      {
        "__id__": 18
      },
      {
        "__id__": 19
      },
      {
        "__id__": 20
      }
    ],
    "_prefab": null,
    "_lpos": {
      "__type__": "cc.Vec3",
      "x": 0,
      "y": -94.8,
      "z": 0
    },
    "_lrot": {
      "__type__": "cc.Quat",
      "x": 0,
      "y": 0,
      "z": 0,
      "w": 1
    },
    "_lscale": {
      "__type__": "cc.Vec3",
      "x": 1,
      "y": 1,
      "z": 1
    },
    "_layer": 33554432,
    "_euler": {
      "__type__": "cc.Vec3",
      "x": 0,
      "y": 0,
      "z": 0
    },
    "_id": "26UbQOGepARby76hmX8Aup"
  },
  {
    "__type__": "cc.UITransform",
    "_name": "",
    "_objFlags": 0,
    "node": {
      "__id__": 17
    },
    "_enabled": true,
    "__prefab": null,
    "_contentSize": {
      "__type__": "cc.Size",
      "width": 600,
      "height": 50.4
    },
    "_anchorPoint": {
      "__type__": "cc.Vec2",
      "x": 0.5,
      "y": 0.5
    },
    "_id": "8dV56NdqxG0ZOYjnnIfrbh"
  },
  {
    "__type__": "cc.Label",
    "_name": "",
    "_objFlags": 0,
    "node": {
      "__id__": 17
    },
    "_enabled": true,
    "__prefab": null,
    "_visFlags": 0,
    "_customMaterial": null,
    "_srcBlendFactor": 2,
    "_dstBlendFactor": 4,
    "_color": {
      "__type__": "cc.Color",
      "r": 255,
      "g": 255,
      "b": 255,
      "a": 255
    },
    "_string": "Label_KnowledgeSharing",
    "_horizontalAlign": 1,
    "_verticalAlign": 1,
    "_actualFontSize": 20,
    "_fontSize": 20,
    "_fontFamily": "Arial",
    "_lineHeight": 40,
    "_overflow": 3,
    "_enableWrapText": true,
    "_font": null,
    "_isSystemFontUsed": true,
    "_spacingX": 0,
    "_isItalic": false,
    "_isBold": false,
    "_isUnderline": false,
    "_underlineHeight": 2,
    "_cacheMode": 0,
    "_id": "7bUBS0SsdNW5y7lHOkuLFX"
  },
  {
    "__type__": "cc.Widget",
    "_name": "",
    "_objFlags": 0,
    "node": {
      "__id__": 17
    },
    "_enabled": true,
    "__prefab": null,
    "_alignFlags": 20,
    "_target": null,
    "_left": 0,
    "_right": 0,
    "_top": 0,
    "_bottom": 200,
    "_horizontalCenter": 0,
    "_verticalCenter": 0,
    "_isAbsLeft": true,
    "_isAbsRight": true,
    "_isAbsTop": true,
    "_isAbsBottom": true,
    "_isAbsHorizontalCenter": true,
    "_isAbsVerticalCenter": true,
    "_originalWidth": 0,
    "_originalHeight": 0,
    "_alignMode": 2,
    "_lockFlags": 0,
    "_id": "0cUI/pR19AkIQ2bpG6tsbR"
  },
  {
    "__type__": "cc.Node",
    "_name": "Label_Start",
    "_objFlags": 0,
    "_parent": {
      "__id__": 2
    },
    "_children": [],
    "_active": true,
    "_components": [
      {
        "__id__": 22
      },
      {
        "__id__": 23
      }
    ],
    "_prefab": null,
    "_lpos": {
      "__type__": "cc.Vec3",
      "x": -56.512,
      "y": -272.045,
      "z": 0
    },
    "_lrot": {
      "__type__": "cc.Quat",
      "x": 0,
      "y": 0,
      "z": 0,
      "w": 1
    },
    "_lscale": {
      "__type__": "cc.Vec3",
      "x": 1,
      "y": 1,
      "z": 1
    },
    "_layer": 33554432,
    "_euler": {
      "__type__": "cc.Vec3",
      "x": 0,
      "y": 0,
      "z": 0
    },
    "_id": "80KN/SHDhNcJcH32taH3so"
  },
  {
    "__type__": "cc.UITransform",
    "_name": "",
    "_objFlags": 0,
    "node": {
      "__id__": 21
    },
    "_enabled": true,
    "__prefab": null,
    "_contentSize": {
      "__type__": "cc.Size",
      "width": 235.64,
      "height": 50.4
    },
    "_anchorPoint": {
      "__type__": "cc.Vec2",
      "x": 0.5,
      "y": 0.5
    },
    "_id": "b1H8J3i3tCmrkKqaj6TMy7"
  },
  {
    "__type__": "cc.Label",
    "_name": "",
    "_objFlags": 0,
    "node": {
      "__id__": 21
    },
    "_enabled": true,
    "__prefab": null,
    "_visFlags": 0,
    "_customMaterial": null,
    "_srcBlendFactor": 2,
    "_dstBlendFactor": 4,
    "_color": {
      "__type__": "cc.Color",
      "r": 255,
      "g": 255,
      "b": 255,
      "a": 255
    },
    "_string": "Let's protect Aotearoa ==>",
    "_horizontalAlign": 1,
    "_verticalAlign": 1,
    "_actualFontSize": 20,
    "_fontSize": 20,
    "_fontFamily": "Arial",
    "_lineHeight": 40,
    "_overflow": 0,
    "_enableWrapText": true,
    "_font": null,
    "_isSystemFontUsed": true,
    "_spacingX": 0,
    "_isItalic": false,
    "_isBold": false,
    "_isUnderline": false,
    "_underlineHeight": 2,
    "_cacheMode": 0,
    "_id": "472IRZkzxHr6bzt2sAuXSk"
  },
  {
    "__type__": "cc.UITransform",
    "_name": "",
    "_objFlags": 0,
    "node": {
      "__id__": 2
    },
    "_enabled": true,
    "__prefab": null,
    "_contentSize": {
      "__type__": "cc.Size",
      "width": 960,
      "height": 640
    },
    "_anchorPoint": {
      "__type__": "cc.Vec2",
      "x": 0.5,
      "y": 0.5
    },
    "_id": "9bHunY+JhM2KLD3SoO0hoN"
  },
  {
    "__type__": "cc.Canvas",
    "_name": "",
    "_objFlags": 0,
    "node": {
      "__id__": 2
    },
    "_enabled": true,
    "__prefab": null,
    "_cameraComponent": {
      "__id__": 4
    },
    "_alignCanvasWithScreen": true,
    "_id": "acL6A/8QpIjqdtKuiHmoeQ"
  },
  {
    "__type__": "cc.Widget",
    "_name": "",
    "_objFlags": 0,
    "node": {
      "__id__": 2
    },
    "_enabled": true,
    "__prefab": null,
    "_alignFlags": 45,
    "_target": null,
    "_left": 0,
    "_right": 0,
    "_top": 0,
    "_bottom": 0,
    "_horizontalCenter": 0,
    "_verticalCenter": 0,
    "_isAbsLeft": true,
    "_isAbsRight": true,
    "_isAbsTop": true,
    "_isAbsBottom": true,
    "_isAbsHorizontalCenter": true,
    "_isAbsVerticalCenter": true,
    "_originalWidth": 960,
    "_originalHeight": 0,
    "_alignMode": 2,
    "_lockFlags": 0,
    "_id": "74PJCDawNG/qW9ymrvPRtu"
  },
  {
    "__type__": "cc.Node",
    "_name": "WelcomeLoading",
    "_objFlags": 0,
    "_parent": {
      "__id__": 1
    },
    "_children": [],
    "_active": true,
    "_components": [
      {
        "__id__": 28
      }
    ],
    "_prefab": null,
    "_lpos": {
      "__type__": "cc.Vec3",
      "x": 0,
      "y": 0,
      "z": 0
    },
    "_lrot": {
      "__type__": "cc.Quat",
      "x": 0,
      "y": 0,
      "z": 0,
      "w": 1
    },
    "_lscale": {
      "__type__": "cc.Vec3",
      "x": 1,
      "y": 1,
      "z": 1
    },
    "_layer": 1073741824,
    "_euler": {
      "__type__": "cc.Vec3",
      "x": 0,
      "y": 0,
      "z": 0
    },
    "_id": "efUipE8jNKTpof8x8hiNwH"
  },
  {
    "__type__": "268dftoPnZIOZZxobmNYNtO",
    "_name": "",
    "_objFlags": 0,
    "node": {
      "__id__": 27
    },
    "_enabled": true,
    "__prefab": null,
    "labelInfoSharing": {
      "__id__": 19
    },
    "_id": "05lwZNmsFK04zp6QieaIdo"
  },
  {
    "__type__": "cc.SceneGlobals",
    "ambient": {
      "__id__": 30
    },
    "shadows": {
      "__id__": 31
    },
    "_skybox": {
      "__id__": 32
    },
    "fog": {
      "__id__": 33
    },
    "octree": {
      "__id__": 34
    }
  },
  {
    "__type__": "cc.AmbientInfo",
    "_skyColorHDR": {
      "__type__": "cc.Vec4",
      "x": 0,
      "y": 0,
      "z": 0,
      "w": 0.520833125
    },
    "_skyColor": {
      "__type__": "cc.Vec4",
      "x": 0,
      "y": 0,
      "z": 0,
      "w": 0.520833125
    },
    "_skyIllumHDR": 20000,
    "_skyIllum": 20000,
    "_groundAlbedoHDR": {
      "__type__": "cc.Vec4",
      "x": 0,
      "y": 0,
      "z": 0,
      "w": 0
    },
    "_groundAlbedo": {
      "__type__": "cc.Vec4",
      "x": 0,
      "y": 0,
      "z": 0,
      "w": 0
    },
    "_skyColorLDR": {
      "__type__": "cc.Vec4",
      "x": 0.2,
      "y": 0.5,
      "z": 0.8,
      "w": 1
    },
    "_skyIllumLDR": 20000,
    "_groundAlbedoLDR": {
      "__type__": "cc.Vec4",
      "x": 0.2,
      "y": 0.2,
      "z": 0.2,
      "w": 1
    }
  },
  {
    "__type__": "cc.ShadowsInfo",
    "_type": 0,
    "_enabled": false,
    "_normal": {
      "__type__": "cc.Vec3",
      "x": 0,
      "y": 1,
      "z": 0
    },
    "_distance": 0,
    "_shadowColor": {
      "__type__": "cc.Color",
      "r": 76,
      "g": 76,
      "b": 76,
      "a": 255
    },
    "_firstSetCSM": false,
    "_fixedArea": false,
    "_pcf": 0,
    "_bias": 0.00001,
    "_normalBias": 0,
    "_near": 1,
    "_far": 30,
    "_shadowDistance": 100,
    "_invisibleOcclusionRange": 200,
    "_orthoSize": 5,
    "_maxReceived": 4,
    "_size": {
      "__type__": "cc.Vec2",
      "x": 512,
      "y": 512
    },
    "_saturation": 0.75
  },
  {
    "__type__": "cc.SkyboxInfo",
    "_applyDiffuseMap": false,
    "_envmapHDR": null,
    "_envmap": null,
    "_envmapLDR": null,
    "_diffuseMapHDR": null,
    "_diffuseMapLDR": null,
    "_enabled": false,
    "_useIBL": false,
    "_useHDR": true
  },
  {
    "__type__": "cc.FogInfo",
    "_type": 0,
    "_fogColor": {
      "__type__": "cc.Color",
      "r": 200,
      "g": 200,
      "b": 200,
      "a": 255
    },
    "_enabled": false,
    "_fogDensity": 0.3,
    "_fogStart": 0.5,
    "_fogEnd": 300,
    "_fogAtten": 5,
    "_fogTop": 1.5,
    "_fogRange": 1.2,
    "_accurate": false
  },
  {
    "__type__": "cc.OctreeInfo",
    "_enabled": false,
    "_minPos": {
      "__type__": "cc.Vec3",
      "x": -1024,
      "y": -1024,
      "z": -1024
    },
    "_maxPos": {
      "__type__": "cc.Vec3",
      "x": 1024,
      "y": 1024,
      "z": 1024
    },
    "_depth": 8
  }
]