{
  "cce:/internal/x/cc": {
    "mTimestamp": 12563.750082999934,
    "chunkId": "quick-pack:/cce/internal/x/cc.js",
    "imports": [
      {
        "value": "cce:/internal/x/cc-fu/base",
        "rewritten": "__unresolved_0",
        "loc": {
          "start": {
            "line": 1,
            "column": 14
          },
          "end": {
            "line": 1,
            "column": 42
          }
        }
      },
      {
        "value": "cce:/internal/x/cc-fu/gfx-webgl",
        "rewritten": "__unresolved_1",
        "loc": {
          "start": {
            "line": 2,
            "column": 14
          },
          "end": {
            "line": 2,
            "column": 47
          }
        }
      },
      {
        "value": "cce:/internal/x/cc-fu/gfx-webgl2",
        "rewritten": "__unresolved_2",
        "loc": {
          "start": {
            "line": 3,
            "column": 14
          },
          "end": {
            "line": 3,
            "column": 48
          }
        }
      },
      {
        "value": "cce:/internal/x/cc-fu/3d",
        "rewritten": "__unresolved_3",
        "loc": {
          "start": {
            "line": 4,
            "column": 14
          },
          "end": {
            "line": 4,
            "column": 40
          }
        }
      },
      {
        "value": "cce:/internal/x/cc-fu/2d",
        "rewritten": "__unresolved_4",
        "loc": {
          "start": {
            "line": 5,
            "column": 14
          },
          "end": {
            "line": 5,
            "column": 40
          }
        }
      },
      {
        "value": "cce:/internal/x/cc-fu/ui",
        "rewritten": "__unresolved_5",
        "loc": {
          "start": {
            "line": 6,
            "column": 14
          },
          "end": {
            "line": 6,
            "column": 40
          }
        }
      },
      {
        "value": "cce:/internal/x/cc-fu/particle",
        "rewritten": "__unresolved_6",
        "loc": {
          "start": {
            "line": 7,
            "column": 14
          },
          "end": {
            "line": 7,
            "column": 46
          }
        }
      },
      {
        "value": "cce:/internal/x/cc-fu/particle-2d",
        "rewritten": "__unresolved_7",
        "loc": {
          "start": {
            "line": 8,
            "column": 14
          },
          "end": {
            "line": 8,
            "column": 49
          }
        }
      },
      {
        "value": "cce:/internal/x/cc-fu/physics-framework",
        "rewritten": "__unresolved_8",
        "loc": {
          "start": {
            "line": 9,
            "column": 14
          },
          "end": {
            "line": 9,
            "column": 55
          }
        }
      },
      {
        "value": "cce:/internal/x/cc-fu/physics-2d-framework",
        "rewritten": "__unresolved_9",
        "loc": {
          "start": {
            "line": 10,
            "column": 14
          },
          "end": {
            "line": 10,
            "column": 58
          }
        }
      },
      {
        "value": "cce:/internal/x/cc-fu/intersection-2d",
        "rewritten": "__unresolved_10",
        "loc": {
          "start": {
            "line": 11,
            "column": 14
          },
          "end": {
            "line": 11,
            "column": 53
          }
        }
      },
      {
        "value": "cce:/internal/x/cc-fu/primitive",
        "rewritten": "__unresolved_11",
        "loc": {
          "start": {
            "line": 12,
            "column": 14
          },
          "end": {
            "line": 12,
            "column": 47
          }
        }
      },
      {
        "value": "cce:/internal/x/cc-fu/profiler",
        "rewritten": "__unresolved_12",
        "loc": {
          "start": {
            "line": 13,
            "column": 14
          },
          "end": {
            "line": 13,
            "column": 46
          }
        }
      },
      {
        "value": "cce:/internal/x/cc-fu/audio",
        "rewritten": "__unresolved_13",
        "loc": {
          "start": {
            "line": 14,
            "column": 14
          },
          "end": {
            "line": 14,
            "column": 43
          }
        }
      },
      {
        "value": "cce:/internal/x/cc-fu/video",
        "rewritten": "__unresolved_14",
        "loc": {
          "start": {
            "line": 15,
            "column": 14
          },
          "end": {
            "line": 15,
            "column": 43
          }
        }
      },
      {
        "value": "cce:/internal/x/cc-fu/terrain",
        "rewritten": "__unresolved_15",
        "loc": {
          "start": {
            "line": 16,
            "column": 14
          },
          "end": {
            "line": 16,
            "column": 45
          }
        }
      },
      {
        "value": "cce:/internal/x/cc-fu/webview",
        "rewritten": "__unresolved_16",
        "loc": {
          "start": {
            "line": 17,
            "column": 14
          },
          "end": {
            "line": 17,
            "column": 45
          }
        }
      },
      {
        "value": "cce:/internal/x/cc-fu/tween",
        "rewritten": "__unresolved_17",
        "loc": {
          "start": {
            "line": 18,
            "column": 14
          },
          "end": {
            "line": 18,
            "column": 43
          }
        }
      },
      {
        "value": "cce:/internal/x/cc-fu/tiled-map",
        "rewritten": "__unresolved_18",
        "loc": {
          "start": {
            "line": 19,
            "column": 14
          },
          "end": {
            "line": 19,
            "column": 47
          }
        }
      },
      {
        "value": "cce:/internal/x/cc-fu/spine",
        "rewritten": "__unresolved_19",
        "loc": {
          "start": {
            "line": 20,
            "column": 14
          },
          "end": {
            "line": 20,
            "column": 43
          }
        }
      },
      {
        "value": "cce:/internal/x/cc-fu/dragon-bones",
        "rewritten": "__unresolved_20",
        "loc": {
          "start": {
            "line": 21,
            "column": 14
          },
          "end": {
            "line": 21,
            "column": 50
          }
        }
      }
    ],
    "modLoMetadata": {
      "type": "esm"
    },
    "resolvedImports": [
      {
        "specifierOrURL": "cce:/internal/x/cc-fu/base",
        "isExternal": true
      },
      {
        "specifierOrURL": "cce:/internal/x/cc-fu/gfx-webgl",
        "isExternal": true
      },
      {
        "specifierOrURL": "cce:/internal/x/cc-fu/gfx-webgl2",
        "isExternal": true
      },
      {
        "specifierOrURL": "cce:/internal/x/cc-fu/3d",
        "isExternal": true
      },
      {
        "specifierOrURL": "cce:/internal/x/cc-fu/2d",
        "isExternal": true
      },
      {
        "specifierOrURL": "cce:/internal/x/cc-fu/ui",
        "isExternal": true
      },
      {
        "specifierOrURL": "cce:/internal/x/cc-fu/particle",
        "isExternal": true
      },
      {
        "specifierOrURL": "cce:/internal/x/cc-fu/particle-2d",
        "isExternal": true
      },
      {
        "specifierOrURL": "cce:/internal/x/cc-fu/physics-framework",
        "isExternal": true
      },
      {
        "specifierOrURL": "cce:/internal/x/cc-fu/physics-2d-framework",
        "isExternal": true
      },
      {
        "specifierOrURL": "cce:/internal/x/cc-fu/intersection-2d",
        "isExternal": true
      },
      {
        "specifierOrURL": "cce:/internal/x/cc-fu/primitive",
        "isExternal": true
      },
      {
        "specifierOrURL": "cce:/internal/x/cc-fu/profiler",
        "isExternal": true
      },
      {
        "specifierOrURL": "cce:/internal/x/cc-fu/audio",
        "isExternal": true
      },
      {
        "specifierOrURL": "cce:/internal/x/cc-fu/video",
        "isExternal": true
      },
      {
        "specifierOrURL": "cce:/internal/x/cc-fu/terrain",
        "isExternal": true
      },
      {
        "specifierOrURL": "cce:/internal/x/cc-fu/webview",
        "isExternal": true
      },
      {
        "specifierOrURL": "cce:/internal/x/cc-fu/tween",
        "isExternal": true
      },
      {
        "specifierOrURL": "cce:/internal/x/cc-fu/tiled-map",
        "isExternal": true
      },
      {
        "specifierOrURL": "cce:/internal/x/cc-fu/spine",
        "isExternal": true
      },
      {
        "specifierOrURL": "cce:/internal/x/cc-fu/dragon-bones",
        "isExternal": true
      }
    ]
  },
  "cce:/internal/x/prerequisite-imports": {
    "mTimestamp": 21833.105082999915,
    "chunkId": "quick-pack:/cce/internal/x/prerequisite-imports.js",
    "imports": [
      {
        "value": "file:///Users/shazhiq/Documents/Demo/Demo_May24_simple_move/assets/scripts/backgroundMove.ts",
        "rewritten": "__unresolved_0",
        "loc": {
          "start": {
            "line": 5,
            "column": 35
          },
          "end": {
            "line": 5,
            "column": 129
          }
        }
      },
      {
        "value": "file:///Users/shazhiq/Documents/Demo/Demo_May24_simple_move/assets/scripts/playerMove.ts",
        "rewritten": "__unresolved_1",
        "loc": {
          "start": {
            "line": 5,
            "column": 145
          },
          "end": {
            "line": 5,
            "column": 235
          }
        }
      },
      {
        "value": "file:///Users/shazhiq/Documents/Demo/Demo_May24_simple_move/assets/scripts/wasteHandling.ts",
        "rewritten": "__unresolved_2",
        "loc": {
          "start": {
            "line": 5,
            "column": 251
          },
          "end": {
            "line": 5,
            "column": 344
          }
        }
      },
      {
        "value": "file:///Users/shazhiq/Documents/Demo/Demo_May24_simple_move/assets/scripts/wasteManager.ts",
        "rewritten": "__unresolved_3",
        "loc": {
          "start": {
            "line": 5,
            "column": 360
          },
          "end": {
            "line": 5,
            "column": 452
          }
        }
      }
    ],
    "modLoMetadata": {
      "type": "esm"
    },
    "resolvedImports": [
      {
        "isExternal": false,
        "url": "file:///Users/shazhiq/Documents/Demo/Demo_May24_simple_move/assets/scripts/backgroundMove.ts"
      },
      {
        "isExternal": false,
        "url": "file:///Users/shazhiq/Documents/Demo/Demo_May24_simple_move/assets/scripts/playerMove.ts"
      },
      {
        "isExternal": false,
        "url": "file:///Users/shazhiq/Documents/Demo/Demo_May24_simple_move/assets/scripts/wasteHandling.ts"
      },
      {
        "isExternal": false,
        "url": "file:///Users/shazhiq/Documents/Demo/Demo_May24_simple_move/assets/scripts/wasteManager.ts"
      }
    ]
  },
  "file:///Users/amyliu/Documents/shazhiq/Cocos/NewProject_2_3D/assets/scripts/playerMove.ts": {
    "mTimestamp": {
      "mtime": 1650364913542.72,
      "uuid": "3913418b-161a-432b-92bb-87dbc0f1a157"
    },
    "chunkId": "assets/scripts/playerMove.js",
    "imports": [
      {
        "value": "cc"
      },
      {
        "value": "cc",
        "loc": {
          "start": {
            "line": 2,
            "column": 127
          },
          "end": {
            "line": 2,
            "column": 131
          }
        }
      }
    ],
    "modLoMetadata": {
      "type": "esm"
    },
    "resolvedImports": [
      {
        "isExternal": false,
        "url": "cce:/internal/x/cc"
      },
      {
        "isExternal": false,
        "url": "cce:/internal/x/cc"
      }
    ]
  },
  "file:///Users/amyliu/Documents/shazhiq/Cocos/NewProject_2_3D/assets/scripts/wasteHandling.ts": {
    "mTimestamp": {
      "mtime": 1650365189772.756,
      "uuid": "8a401671-7f95-42db-9a3e-f23a4a86f106"
    },
    "chunkId": "assets/scripts/wasteHandling.js",
    "imports": [
      {
        "value": "cc"
      },
      {
        "value": "cc",
        "loc": {
          "start": {
            "line": 2,
            "column": 147
          },
          "end": {
            "line": 2,
            "column": 151
          }
        }
      }
    ],
    "modLoMetadata": {
      "type": "esm"
    },
    "resolvedImports": [
      {
        "isExternal": false,
        "url": "cce:/internal/x/cc"
      },
      {
        "isExternal": false,
        "url": "cce:/internal/x/cc"
      }
    ]
  },
  "file:///Users/Shared/shazhiq/GameDev/Cocos/NewProject_2_3D/assets/scripts/playerMove.ts": {
    "mTimestamp": {
      "mtime": 1650535274547.2275,
      "uuid": "3913418b-161a-432b-92bb-87dbc0f1a157"
    },
    "chunkId": "assets/scripts/playerMove.js",
    "imports": [
      {
        "value": "cc"
      },
      {
        "value": "cc",
        "loc": {
          "start": {
            "line": 2,
            "column": 127
          },
          "end": {
            "line": 2,
            "column": 131
          }
        }
      }
    ],
    "modLoMetadata": {
      "type": "esm"
    },
    "resolvedImports": [
      {
        "isExternal": false,
        "url": "cce:/internal/x/cc"
      },
      {
        "isExternal": false,
        "url": "cce:/internal/x/cc"
      }
    ]
  },
  "file:///Users/Shared/shazhiq/GameDev/Cocos/NewProject_2_3D/assets/scripts/wasteHandling.ts": {
    "mTimestamp": {
      "mtime": 1650365189772.756,
      "uuid": "8a401671-7f95-42db-9a3e-f23a4a86f106"
    },
    "chunkId": "assets/scripts/wasteHandling.js",
    "imports": [
      {
        "value": "cc"
      },
      {
        "value": "cc",
        "loc": {
          "start": {
            "line": 2,
            "column": 147
          },
          "end": {
            "line": 2,
            "column": 151
          }
        }
      }
    ],
    "modLoMetadata": {
      "type": "esm"
    },
    "resolvedImports": [
      {
        "isExternal": false,
        "url": "cce:/internal/x/cc"
      },
      {
        "isExternal": false,
        "url": "cce:/internal/x/cc"
      }
    ]
  },
  "file:///Users/Shared/shazhiq/GameDev/Cocos/Demo_May24_simple_move/assets/scripts/wasteHandling.ts": {
    "mTimestamp": {
      "mtime": 1653374996022.8933,
      "uuid": "8a401671-7f95-42db-9a3e-f23a4a86f106"
    },
    "chunkId": "assets/scripts/wasteHandling.js",
    "imports": [
      {
        "value": "cc"
      },
      {
        "value": "cc",
        "loc": {
          "start": {
            "line": 2,
            "column": 158
          },
          "end": {
            "line": 2,
            "column": 162
          }
        }
      }
    ],
    "modLoMetadata": {
      "type": "esm"
    },
    "resolvedImports": [
      {
        "isExternal": false,
        "url": "cce:/internal/x/cc"
      },
      {
        "isExternal": false,
        "url": "cce:/internal/x/cc"
      }
    ]
  },
  "file:///Users/Shared/shazhiq/GameDev/Cocos/Demo_May24_simple_move/assets/scripts/playerMove.ts": {
    "mTimestamp": {
      "mtime": 1653375146945.6125,
      "uuid": "3913418b-161a-432b-92bb-87dbc0f1a157"
    },
    "chunkId": "assets/scripts/playerMove.js",
    "imports": [
      {
        "value": "cc"
      },
      {
        "value": "cc",
        "loc": {
          "start": {
            "line": 2,
            "column": 127
          },
          "end": {
            "line": 2,
            "column": 131
          }
        }
      }
    ],
    "modLoMetadata": {
      "type": "esm"
    },
    "resolvedImports": [
      {
        "isExternal": false,
        "url": "cce:/internal/x/cc"
      },
      {
        "isExternal": false,
        "url": "cce:/internal/x/cc"
      }
    ]
  },
  "file:///Users/shazhiq/Documents/Demo/Demo_May24_simple_move/assets/scripts/playerMove.ts": {
    "mTimestamp": {
      "mtime": 1655796465984.482,
      "uuid": "3913418b-161a-432b-92bb-87dbc0f1a157"
    },
    "chunkId": "assets/scripts/playerMove.js",
    "imports": [
      {
        "value": "cc"
      },
      {
        "value": "cc",
        "loc": {
          "start": {
            "line": 2,
            "column": 127
          },
          "end": {
            "line": 2,
            "column": 131
          }
        }
      }
    ],
    "modLoMetadata": {
      "type": "esm"
    },
    "resolvedImports": [
      {
        "isExternal": false,
        "url": "cce:/internal/x/cc"
      },
      {
        "isExternal": false,
        "url": "cce:/internal/x/cc"
      }
    ]
  },
  "file:///Users/shazhiq/Documents/Demo/Demo_May24_simple_move/assets/scripts/wasteHandling.ts": {
    "mTimestamp": {
      "mtime": 1655797952131.0413,
      "uuid": "8a401671-7f95-42db-9a3e-f23a4a86f106"
    },
    "chunkId": "assets/scripts/wasteHandling.js",
    "imports": [
      {
        "value": "cc"
      },
      {
        "value": "cc",
        "loc": {
          "start": {
            "line": 2,
            "column": 165
          },
          "end": {
            "line": 2,
            "column": 169
          }
        }
      }
    ],
    "modLoMetadata": {
      "type": "esm"
    },
    "resolvedImports": [
      {
        "isExternal": false,
        "url": "cce:/internal/x/cc"
      },
      {
        "isExternal": false,
        "url": "cce:/internal/x/cc"
      }
    ]
  },
  "file:///Users/shazhiq/Documents/Demo/Demo_May24_simple_move/assets/scripts/backgroundMove.ts": {
    "mTimestamp": {
      "mtime": 1654588482286.3733,
      "uuid": "22c5d2a4-c8b9-4db7-9e35-14d4e4c0fcb7"
    },
    "chunkId": "assets/scripts/backgroundMove.js",
    "imports": [
      {
        "value": "cc"
      },
      {
        "value": "cc",
        "loc": {
          "start": {
            "line": 2,
            "column": 44
          },
          "end": {
            "line": 2,
            "column": 48
          }
        }
      }
    ],
    "modLoMetadata": {
      "type": "esm"
    },
    "resolvedImports": [
      {
        "isExternal": false,
        "url": "cce:/internal/x/cc"
      },
      {
        "isExternal": false,
        "url": "cce:/internal/x/cc"
      }
    ]
  },
  "file:///Users/shazhiq/Documents/Demo/Demo_May24_simple_move/assets/scripts/beltBGmove.ts": {
    "mTimestamp": {
      "mtime": 1653984273201.8538,
      "uuid": "3fcd8c37-b00b-4f1d-a226-455204fa2f2d"
    },
    "chunkId": "assets/scripts/beltBGmove.js",
    "imports": [
      {
        "value": "cc"
      },
      {
        "value": "cc",
        "loc": {
          "start": {
            "line": 2,
            "column": 44
          },
          "end": {
            "line": 2,
            "column": 48
          }
        }
      }
    ],
    "modLoMetadata": {
      "type": "esm"
    },
    "resolvedImports": [
      {
        "isExternal": false,
        "url": "cce:/internal/x/cc"
      },
      {
        "isExternal": false,
        "url": "cce:/internal/x/cc"
      }
    ]
  },
  "file:///Users/shazhiq/Documents/Demo/Demo_May24_simple_move/assets/scripts/wasteManager.ts": {
    "mTimestamp": {
      "mtime": 1655797648117.9097,
      "uuid": "a278ab5c-d045-4c6e-872f-cf28a06674e3"
    },
    "chunkId": "assets/scripts/wasteManager.js",
    "imports": [
      {
        "value": "cce:/internal/code-quality/cr.mjs",
        "rewritten": "__unresolved_0"
      },
      {
        "value": "cc"
      },
      {
        "value": "cc",
        "loc": {
          "start": {
            "line": 2,
            "column": 71
          },
          "end": {
            "line": 2,
            "column": 75
          }
        }
      },
      {
        "value": "./wasteHandling",
        "rewritten": "__unresolved_1",
        "loc": {
          "start": {
            "line": 3,
            "column": 30
          },
          "end": {
            "line": 3,
            "column": 47
          }
        }
      }
    ],
    "modLoMetadata": {
      "type": "esm"
    },
    "resolvedImports": [
      {
        "isExternal": false,
        "url": "cce:/internal/code-quality/cr.mjs"
      },
      {
        "isExternal": false,
        "url": "cce:/internal/x/cc"
      },
      {
        "isExternal": false,
        "url": "cce:/internal/x/cc"
      },
      {
        "isExternal": false,
        "url": "file:///Users/shazhiq/Documents/Demo/Demo_May24_simple_move/assets/scripts/wasteHandling.ts"
      }
    ]
  },
  "cce:/internal/code-quality/cr.mjs": {
    "mTimestamp": 1656400725897,
    "chunkId": "quick-pack:/cce/internal/code-quality/cr.js",
    "imports": [],
    "modLoMetadata": {
      "type": "esm"
    },
    "resolvedImports": []
  }
}
