{
  "imports": {
    "cce:/internal/x/cc": "./mods/cce/internal/x/cc.js",
    "cce:/internal/x/prerequisite-imports": "./mods/cce/internal/x/prerequisite-imports.js"
  },
  "scopes": {
    "./mods/fs/0/assets/scripts/ScreenAdapter.js": {
      "cc": "./mods/cce/internal/x/cc.js"
    },
    "./mods/fs/0/assets/scripts/GameOver.js": {
      "cc": "./mods/cce/internal/x/cc.js"
    },
    "./mods/fs/0/assets/scripts/SceneSwitch.js": {
      "cc": "./mods/cce/internal/x/cc.js"
    },
    "./mods/fs/0/assets/startGame.js": {
      "cc": "./mods/cce/internal/x/cc.js"
    },
    "./mods/fs/0/assets/MoveToGameOver.js": {
      "cc": "./mods/cce/internal/x/cc.js"
    },
    "./mods/fs/0/assets/Jul26%20class/MoveToGameOver.js": {
      "cc": "./mods/cce/internal/x/cc.js"
    },
    "./mods/fs/0/assets/Jul26%20class/startGame.js": {
      "cc": "./mods/cce/internal/x/cc.js"
    },
    "./mods/fs/0/assets/scripts/KnowledgeSharingList.js": {
      "cc": "./mods/cce/internal/x/cc.js"
    },
    "./mods/fs/0/assets/scripts/welcome/WelcomeLoading.js": {
      "cc": "./mods/cce/internal/x/cc.js",
      "__unresolved_1": "./mods/fs/0/assets/scripts/welcome/KnowledgeSharingList.js",
      "__unresolved_0": "./mods/cce/internal/code-quality/cr.js"
    },
    "./mods/fs/0/assets/script_demo/welcomeMsgLoad.js": {
      "cc": "./mods/cce/internal/x/cc.js",
      "__unresolved_1": "./mods/fs/0/assets/script_demo/welcomeMsgList.js",
      "__unresolved_0": "./mods/cce/internal/code-quality/cr.js"
    },
    "./mods/fs/0/assets/script_demo/welcomeMsgList.js": {
      "cc": "./mods/cce/internal/x/cc.js"
    },
    "./mods/fs/0/assets/script_demo/moveTheBelts.js": {
      "cc": "./mods/cce/internal/x/cc.js"
    },
    "./mods/fs/0/assets/Aug09%20class/script_demo/welcomeMsgLoad.js": {
      "cc": "./mods/cce/internal/x/cc.js",
      "__unresolved_1": "./mods/fs/0/assets/Aug09%20class/script_demo/welcomeMsgList.js",
      "__unresolved_0": "./mods/cce/internal/code-quality/cr.js"
    },
    "./mods/fs/0/assets/Aug09%20class/script_demo/welcomeMsgList.js": {
      "cc": "./mods/cce/internal/x/cc.js"
    },
    "./mods/fs/0/assets/Aug09%20class/script_demo/moveTheBelts.js": {
      "cc": "./mods/cce/internal/x/cc.js"
    },
    "./mods/fs/0/assets/scripts/BeltMove.js": {
      "cc": "./mods/cce/internal/x/cc.js",
      "__unresolved_1": "./mods/fs/0/assets/scripts/GameManager.js",
      "__unresolved_0": "./mods/cce/internal/code-quality/cr.js"
    },
    "./mods/fs/0/assets/scripts/GameManager.js": {
      "cc": "./mods/cce/internal/x/cc.js"
    },
    "./mods/fs/0/assets/scripts/ResourceManager.js": {
      "cc": "./mods/cce/internal/x/cc.js"
    },
    "./mods/fs/0/assets/scripts/WasteMove_singleWasteMove.js": {
      "cc": "./mods/cce/internal/x/cc.js",
      "__unresolved_1": "./mods/fs/0/assets/scripts/GameManager.js",
      "__unresolved_0": "./mods/cce/internal/code-quality/cr.js"
    },
    "./mods/fs/0/assets/scripts/WasteDrag.js": {
      "cc": "./mods/cce/internal/x/cc.js"
    },
    "./mods/fs/0/assets/scripts/welcome/KnowledgeSharingList.js": {
      "cc": "./mods/cce/internal/x/cc.js"
    },
    "./mods/fs/0/assets/scripts/WasteList.js": {
      "cc": "./mods/cce/internal/x/cc.js"
    },
    "./mods/fs/0/assets/scripts/AudioSourceControl.proxy.js@63cjs&original=.js": {
      "__unresolved_0": "./mods/cce/internal/code-quality/cr.js",
      "__unresolved_2": "./mods/cce/internal/ml/cjs-loader.js",
      "__unresolved_1": "./mods/fs/0/assets/scripts/AudioSourceControl.js",
      "__unresolved_3": "./mods/fs/0/assets/scripts/AudioSourceControl.js",
      "__unresolved_4": "./mods/fs/0/assets/scripts/AudioSourceControl.js"
    },
    "./mods/fs/0/assets/scripts/AudioSourceControl.js": {
      "__unresolved_0": "./mods/cce/internal/ml/cjs-loader.js"
    },
    "./mods/fs/0/assets/scripts/audioManager.js": {
      "cc": "./mods/cce/internal/x/cc.js"
    },
    "./mods/fs/0/assets/scripts/au.js": {
      "cc": "./mods/cce/internal/x/cc.js"
    },
    "./mods/fs/0/assets/scripts/WasteMove.js": {
      "cc": "./mods/cce/internal/x/cc.js",
      "__unresolved_1": "./mods/fs/0/assets/scripts/GameManager.js",
      "__unresolved_0": "./mods/cce/internal/code-quality/cr.js"
    },
    "./mods/fs/0/assets/scripts/NewComponent.js": {
      "cc": "./mods/cce/internal/x/cc.js"
    },
    "./mods/fs/0/assets/scripts/AudioController.js": {
      "cc": "./mods/cce/internal/x/cc.js"
    },
    "./mods/fs/0/assets/scripts/WasteCollect.js": {
      "cc": "./mods/cce/internal/x/cc.js",
      "__unresolved_1": "./mods/fs/0/assets/scripts/WasteList.js",
      "__unresolved_2": "./mods/fs/0/assets/scripts/WasteList.js",
      "__unresolved_0": "./mods/cce/internal/code-quality/cr.js"
    },
    "./mods/cce/internal/x/cc.js": {
      "__unresolved_0": "cce:/internal/x/cc-fu/base",
      "__unresolved_1": "cce:/internal/x/cc-fu/gfx-webgl",
      "__unresolved_2": "cce:/internal/x/cc-fu/gfx-webgl2",
      "__unresolved_3": "cce:/internal/x/cc-fu/3d",
      "__unresolved_4": "cce:/internal/x/cc-fu/2d",
      "__unresolved_5": "cce:/internal/x/cc-fu/ui",
      "__unresolved_6": "cce:/internal/x/cc-fu/particle",
      "__unresolved_7": "cce:/internal/x/cc-fu/particle-2d",
      "__unresolved_8": "cce:/internal/x/cc-fu/physics-framework",
      "__unresolved_9": "cce:/internal/x/cc-fu/physics-2d-framework",
      "__unresolved_10": "cce:/internal/x/cc-fu/intersection-2d",
      "__unresolved_11": "cce:/internal/x/cc-fu/primitive",
      "__unresolved_12": "cce:/internal/x/cc-fu/profiler",
      "__unresolved_13": "cce:/internal/x/cc-fu/audio",
      "__unresolved_14": "cce:/internal/x/cc-fu/video",
      "__unresolved_15": "cce:/internal/x/cc-fu/terrain",
      "__unresolved_16": "cce:/internal/x/cc-fu/webview",
      "__unresolved_17": "cce:/internal/x/cc-fu/tween",
      "__unresolved_18": "cce:/internal/x/cc-fu/tiled-map",
      "__unresolved_19": "cce:/internal/x/cc-fu/spine",
      "__unresolved_20": "cce:/internal/x/cc-fu/dragon-bones"
    },
    "./mods/cce/internal/x/prerequisite-imports.js": {
      "__unresolved_0": "./mods/fs/0/assets/Aug09%20class/script_demo/moveTheBelts.js",
      "__unresolved_1": "./mods/fs/0/assets/Aug09%20class/script_demo/welcomeMsgList.js",
      "__unresolved_2": "./mods/fs/0/assets/Aug09%20class/script_demo/welcomeMsgLoad.js",
      "__unresolved_3": "./mods/fs/0/assets/Jul26%20class/MoveToGameOver.js",
      "__unresolved_4": "./mods/fs/0/assets/Jul26%20class/startGame.js",
      "__unresolved_5": "./mods/fs/0/assets/scripts/BeltMove.js",
      "__unresolved_6": "./mods/fs/0/assets/scripts/GameManager.js",
      "__unresolved_7": "./mods/fs/0/assets/scripts/ResourceManager.js",
      "__unresolved_8": "./mods/fs/0/assets/scripts/SceneSwitch.js",
      "__unresolved_9": "./mods/fs/0/assets/scripts/ScreenAdapter.js",
      "__unresolved_10": "./mods/fs/0/assets/scripts/WasteCollect.js",
      "__unresolved_11": "./mods/fs/0/assets/scripts/WasteDrag.js",
      "__unresolved_12": "./mods/fs/0/assets/scripts/WasteList.js",
      "__unresolved_13": "./mods/fs/0/assets/scripts/WasteMove.js",
      "__unresolved_14": "./mods/fs/0/assets/scripts/WasteMove_singleWasteMove.js",
      "__unresolved_15": "./mods/fs/0/assets/scripts/welcome/KnowledgeSharingList.js",
      "__unresolved_16": "./mods/fs/0/assets/scripts/welcome/WelcomeLoading.js"
    }
  }
}
