[
    1,
    [
        "52erfv0MhO7KnEk0pJw5i2@6c48a"
    ],
    [
        "_textureSource"
    ],
    [
        "cc.SpriteFrame"
    ],
    0,
    [
        {
            "name": "Armature_newAnimation_7",
            "rect": {
                "x": 0,
                "y": 0,
                "width": 63,
                "height": 62
            },
            "offset": {
                "x": -0.5,
                "y": 1.5
            },
            "originalSize": {
                "width": 64,
                "height": 65
            },
            "rotated": false,
            "capInsets": [
                0,
                0,
                0,
                0
            ],
            "packable": true
        }
    ],
    [
        0
    ],
    0,
    [
        0
    ],
    [
        0
    ],
    [
        0
    ]
]
