[
    1,
    [
        "86puhz2L1L9KzHhcyM/nUp@6c48a"
    ],
    [
        "_textureSource"
    ],
    [
        "cc.SpriteFrame"
    ],
    0,
    [
        {
            "name": "Belt_small",
            "rect": {
                "x": 0,
                "y": 0,
                "width": 315,
                "height": 165
            },
            "offset": {
                "x": 0,
                "y": 0.5
            },
            "originalSize": {
                "width": 315,
                "height": 166
            },
            "rotated": false,
            "capInsets": [
                0,
                0,
                0,
                0
            ],
            "packable": true
        }
    ],
    [
        0
    ],
    0,
    [
        0
    ],
    [
        0
    ],
    [
        0
    ]
]
