{
  "/Users/Shared/shazhiq/GameDev/Cocos/DoItRight/assets/resources.meta": {
    "time": 1658743005162.5242
  },
  "/Users/Shared/shazhiq/GameDev/Cocos/DoItRight/assets/resources": {
    "time": 1661076712204.7466,
    "uuid": "0825803f-7e79-4a2c-98dd-dd46ee55eaf4",
    "missing": false
  },
  "/Users/Shared/shazhiq/GameDev/Cocos/DoItRight/assets/scene.scene": {
    "time": 1661078840254.8694,
    "uuid": "6974c64a-5dca-4f4c-9d7c-ee1bc6bcd7eb",
    "missing": false
  },
  "/Users/Shared/shazhiq/GameDev/Cocos/DoItRight/assets/scene.scene.meta": {
    "time": 1658743186947.9734
  },
  "/Users/Shared/shazhiq/GameDev/Cocos/DoItRight/assets/scene-start.scene.meta": {
    "time": 1658744793797.266
  },
  "/Users/Shared/shazhiq/GameDev/Cocos/DoItRight/assets/scene-start.scene": {
    "time": 1660040563949.4812,
    "uuid": "aeb13901-4390-4ace-a7ae-967e8c31c40d",
    "missing": false
  },
  "/Users/Shared/shazhiq/GameDev/Cocos/DoItRight/assets/scene-end.scene.meta": {
    "time": 1658746757382.1406
  },
  "/Users/Shared/shazhiq/GameDev/Cocos/DoItRight/assets/scene-end.scene": {
    "time": 1658818624509.2375,
    "uuid": "548aee15-e35e-44cb-b9b3-5830caf5ae4a",
    "missing": false
  },
  "/Users/Shared/shazhiq/GameDev/Cocos/DoItRight/assets/resources/bg_selection_factory.jpeg.meta": {
    "time": 1658747168891.6216
  },
  "/Users/Shared/shazhiq/GameDev/Cocos/DoItRight/assets/resources/bg_selection_factory.jpeg": {
    "time": 1658747168817.8542,
    "uuid": "7c908fa5-3967-4888-befa-356702a79e85",
    "missing": false
  },
  "/Users/Shared/shazhiq/GameDev/Cocos/DoItRight/assets/scripts.meta": {
    "time": 1658747482094.1804
  },
  "/Users/Shared/shazhiq/GameDev/Cocos/DoItRight/assets/scripts": {
    "time": 1661078127573.8843,
    "uuid": "c3ab4cd8-c405-4b8b-b4d6-236d70a391ce",
    "missing": false
  },
  "/Users/Shared/shazhiq/GameDev/Cocos/DoItRight/assets/scripts/ScreenAdapter.ts.meta": {
    "time": 1658747500929.3877
  },
  "/Users/Shared/shazhiq/GameDev/Cocos/DoItRight/assets/scripts/ScreenAdapter.ts": {
    "time": 1658816286280.2869,
    "uuid": "d4c66051-1ba0-4918-8185-62b0435ac819",
    "missing": false
  },
  "/Users/Shared/shazhiq/GameDev/Cocos/DoItRight/assets/scripts/SceneSwitch.ts.meta": {
    "time": 1658816314003.07
  },
  "/Users/Shared/shazhiq/GameDev/Cocos/DoItRight/assets/scripts/SceneSwitch.ts": {
    "time": 1658818749670.6396,
    "uuid": "fb202c19-e268-4da7-b4a1-4ac877706686",
    "missing": false
  },
  "/Users/Shared/shazhiq/GameDev/Cocos/DoItRight/assets/resources/player.png.meta": {
    "time": 1658817934168.3677
  },
  "/Users/Shared/shazhiq/GameDev/Cocos/DoItRight/assets/resources/player.png": {
    "time": 1658817934163.7844,
    "uuid": "21d20e2c-d5b0-466e-baf6-11392ee21639",
    "missing": false
  },
  "/Users/Shared/shazhiq/GameDev/Cocos/DoItRight/assets/resources/score.png.meta": {
    "time": 1658818554498.6763
  },
  "/Users/Shared/shazhiq/GameDev/Cocos/DoItRight/assets/resources/score.png": {
    "time": 1658818554426.2812,
    "uuid": "58086fcb-d58e-49e3-b5e0-19327b8769f2",
    "missing": false
  },
  "/Users/Shared/shazhiq/GameDev/Cocos/DoItRight/assets/Jul26 class.meta": {
    "time": 1658828063922.1865
  },
  "/Users/Shared/shazhiq/GameDev/Cocos/DoItRight/assets/Jul26 class": {
    "time": 1658828082458.065,
    "uuid": "5aa3c396-bcf6-461e-91bf-427728cc32e5",
    "missing": false
  },
  "/Users/Shared/shazhiq/GameDev/Cocos/DoItRight/assets/Jul26 class/MoveToGameOver.ts.meta": {
    "time": 1658821275500.683
  },
  "/Users/Shared/shazhiq/GameDev/Cocos/DoItRight/assets/Jul26 class/MoveToGameOver.ts": {
    "time": 1658821367021.24,
    "uuid": "eb53fe0d-6ebb-458b-a048-ff5945997043",
    "missing": false
  },
  "/Users/Shared/shazhiq/GameDev/Cocos/DoItRight/assets/Jul26 class/startGame.ts.meta": {
    "time": 1658819830624.308
  },
  "/Users/Shared/shazhiq/GameDev/Cocos/DoItRight/assets/Jul26 class/startGame.ts": {
    "time": 1658820163964.548,
    "uuid": "e945f42b-acdd-4be7-848e-a64e3a926596",
    "missing": false
  },
  "/Users/Shared/shazhiq/GameDev/Cocos/DoItRight/assets/Jul26 class/scene-game-main.scene.meta": {
    "time": 1658819494375.5593
  },
  "/Users/Shared/shazhiq/GameDev/Cocos/DoItRight/assets/Jul26 class/scene-game-main.scene": {
    "time": 1658821379969.38,
    "uuid": "908a1ff0-df31-4a0c-ab65-3975e1b3fd8a",
    "missing": false
  },
  "/Users/Shared/shazhiq/GameDev/Cocos/DoItRight/assets/Jul26 class/scene-game-over.scene.meta": {
    "time": 1658819502654.537
  },
  "/Users/Shared/shazhiq/GameDev/Cocos/DoItRight/assets/Jul26 class/scene-game-over.scene": {
    "time": 1658821403445.925,
    "uuid": "5ccae54a-d344-4c62-b933-138a4037160b",
    "missing": false
  },
  "/Users/Shared/shazhiq/GameDev/Cocos/DoItRight/assets/Jul26 class/scene-game-welcome.scene.meta": {
    "time": 1658819477896.3157
  },
  "/Users/Shared/shazhiq/GameDev/Cocos/DoItRight/assets/Jul26 class/scene-game-welcome.scene": {
    "time": 1658828084410.2092,
    "uuid": "39807932-eaa2-4b6c-9ac9-757948c3bc5a",
    "missing": false
  },
  "/Users/Shared/shazhiq/GameDev/Cocos/DoItRight/assets/scripts/welcome.meta": {
    "time": 1658830800595.322
  },
  "/Users/Shared/shazhiq/GameDev/Cocos/DoItRight/assets/scripts/welcome": {
    "time": 1658830855454.8906,
    "uuid": "acd6c813-95f9-4558-b581-14069fd67dbe",
    "missing": false
  },
  "/Users/Shared/shazhiq/GameDev/Cocos/DoItRight/assets/scripts/welcome/KnowledgeSharingList.ts.meta": {
    "time": 1658829783300.19
  },
  "/Users/Shared/shazhiq/GameDev/Cocos/DoItRight/assets/scripts/welcome/KnowledgeSharingList.ts": {
    "time": 1660637810429.2463,
    "uuid": "d563c8e8-1bb0-4c5f-a699-bde7cdbcecc2",
    "missing": false
  },
  "/Users/Shared/shazhiq/GameDev/Cocos/DoItRight/assets/scripts/welcome/WelcomeLoading.ts.meta": {
    "time": 1658830855457.6113
  },
  "/Users/Shared/shazhiq/GameDev/Cocos/DoItRight/assets/scripts/welcome/WelcomeLoading.ts": {
    "time": 1660026480584.0322,
    "uuid": "268dfb68-3e76-4839-9671-a1b98d60db4e",
    "missing": false
  },
  "/Users/Shared/shazhiq/GameDev/Cocos/DoItRight/assets/resources/Belt_small.png.meta": {
    "time": 1659953600258.0315
  },
  "/Users/Shared/shazhiq/GameDev/Cocos/DoItRight/assets/resources/Belt_small.png": {
    "time": 1659953600220.2185,
    "uuid": "86a6e873-d8bd-4bf4-acc7-85cc8cfe7529",
    "missing": false
  },
  "/Users/Shared/shazhiq/GameDev/Cocos/DoItRight/assets/scripts/BeltMove.ts.meta": {
    "time": 1659955379723.4402
  },
  "/Users/Shared/shazhiq/GameDev/Cocos/DoItRight/assets/scripts/BeltMove.ts": {
    "time": 1660446683436.626,
    "uuid": "a682fc78-5697-41e1-89c4-51f98bbc7bf4",
    "missing": false
  },
  "/Users/Shared/shazhiq/GameDev/Cocos/DoItRight/assets/resources/bin_recycle.png.meta": {
    "time": 1659956583612.127
  },
  "/Users/Shared/shazhiq/GameDev/Cocos/DoItRight/assets/resources/bin_recycle.png": {
    "time": 1659956583439.2437,
    "uuid": "7e329013-b121-48df-84c7-af5607d048d1",
    "missing": false
  },
  "/Users/Shared/shazhiq/GameDev/Cocos/DoItRight/assets/resources/bin_waste.png.meta": {
    "time": 1659956586616.2815
  },
  "/Users/Shared/shazhiq/GameDev/Cocos/DoItRight/assets/resources/bin_waste.png": {
    "time": 1659956586574.7102,
    "uuid": "2b35cb84-aade-4ba2-b388-e91698818091",
    "missing": false
  },
  "/Users/Shared/shazhiq/GameDev/Cocos/DoItRight/assets/Aug09 class.meta": {
    "time": 1660040120301.9346
  },
  "/Users/Shared/shazhiq/GameDev/Cocos/DoItRight/assets/Aug09 class": {
    "time": 1660040203438.5654,
    "uuid": "5bb9b59c-89fe-4600-8e4a-63678786151e",
    "missing": false
  },
  "/Users/Shared/shazhiq/GameDev/Cocos/DoItRight/assets/Aug09 class/script_demo.meta": {
    "time": 1660031005451.4255
  },
  "/Users/Shared/shazhiq/GameDev/Cocos/DoItRight/assets/Aug09 class/script_demo": {
    "time": 1660033483628.1875,
    "uuid": "82345f61-6891-4cca-936f-b7bb68afb734",
    "missing": false
  },
  "/Users/Shared/shazhiq/GameDev/Cocos/DoItRight/assets/Aug09 class/script_demo/moveTheBelts.ts.meta": {
    "time": 1660033483637.8633
  },
  "/Users/Shared/shazhiq/GameDev/Cocos/DoItRight/assets/Aug09 class/script_demo/moveTheBelts.ts": {
    "time": 1660446659330.0393,
    "uuid": "81440d62-ac1c-4b42-ac57-36f5c40ae6b7",
    "missing": false
  },
  "/Users/Shared/shazhiq/GameDev/Cocos/DoItRight/assets/Aug09 class/script_demo/welcomeMsgList.ts.meta": {
    "time": 1660031774133.0276
  },
  "/Users/Shared/shazhiq/GameDev/Cocos/DoItRight/assets/Aug09 class/script_demo/welcomeMsgList.ts": {
    "time": 1660032034059.938,
    "uuid": "20c0964a-6738-4c94-98da-ba7c51e595f5",
    "missing": false
  },
  "/Users/Shared/shazhiq/GameDev/Cocos/DoItRight/assets/Aug09 class/script_demo/welcomeMsgLoad.ts.meta": {
    "time": 1660031044283.5083
  },
  "/Users/Shared/shazhiq/GameDev/Cocos/DoItRight/assets/Aug09 class/script_demo/welcomeMsgLoad.ts": {
    "time": 1660032459239.478,
    "uuid": "d0c6970f-79ea-4bf8-8af7-b835fb2d3bdc",
    "missing": false
  },
  "/Users/Shared/shazhiq/GameDev/Cocos/DoItRight/assets/Aug09 class/scene-demo.scene.meta": {
    "time": 1660033062009.9062
  },
  "/Users/Shared/shazhiq/GameDev/Cocos/DoItRight/assets/Aug09 class/scene-demo.scene": {
    "time": 1660040168606.048,
    "uuid": "336a7901-5b05-49a3-81f3-d3d9451297d5",
    "missing": false
  },
  "/Users/Shared/shazhiq/GameDev/Cocos/DoItRight/assets/Aug09 class/scene-start-001.scene.meta": {
    "time": 1660040200297.6394
  },
  "/Users/Shared/shazhiq/GameDev/Cocos/DoItRight/assets/Aug09 class/scene-start-001.scene": {
    "time": 1660040200298.543,
    "uuid": "8eeaea27-73a9-46c7-9387-c7115026d84e",
    "missing": false
  },
  "/Users/Shared/shazhiq/GameDev/Cocos/DoItRight/assets/scripts/GameManager.ts.meta": {
    "time": 1660445477721.082
  },
  "/Users/Shared/shazhiq/GameDev/Cocos/DoItRight/assets/scripts/GameManager.ts": {
    "time": 1660447029662.8374,
    "uuid": "70501d1b-6dad-4675-b966-adf835c04988",
    "missing": false
  },
  "/Users/Shared/shazhiq/GameDev/Cocos/DoItRight/assets/scripts/WasteMove.ts.meta": {
    "time": 1660447124147.692
  },
  "/Users/Shared/shazhiq/GameDev/Cocos/DoItRight/assets/scripts/WasteMove.ts": {
    "time": 1661078220960.821,
    "uuid": "31357a8f-07fa-42bc-84bb-b114ce2ad865",
    "missing": false
  },
  "/Users/Shared/shazhiq/GameDev/Cocos/DoItRight/assets/wasteItem.prefab.meta": {
    "time": 1660447396144.456
  },
  "/Users/Shared/shazhiq/GameDev/Cocos/DoItRight/assets/wasteItem.prefab": {
    "time": 1660636415381.9604,
    "uuid": "1bf38a8b-7df7-4d92-bbb2-a2a328652b58",
    "missing": false
  },
  "/Users/Shared/shazhiq/GameDev/Cocos/DoItRight/assets/scripts/ResourceManager.ts.meta": {
    "time": 1660448296009.9185
  },
  "/Users/Shared/shazhiq/GameDev/Cocos/DoItRight/assets/scripts/ResourceManager.ts": {
    "time": 1660454696792.11,
    "uuid": "de70b044-94e5-460d-b783-8f1615ac0a01",
    "missing": false
  },
  "/Users/Shared/shazhiq/GameDev/Cocos/DoItRight/assets/resources/textures.meta": {
    "time": 1660448673594.599
  },
  "/Users/Shared/shazhiq/GameDev/Cocos/DoItRight/assets/resources/textures": {
    "time": 1660559109684.4155,
    "uuid": "cd8a5432-15d7-4af4-8728-69ea26110349",
    "missing": false
  },
  "/Users/Shared/shazhiq/GameDev/Cocos/DoItRight/assets/resources/textures/wastes.meta": {
    "time": 1660449062239.7886
  },
  "/Users/Shared/shazhiq/GameDev/Cocos/DoItRight/assets/resources/textures/wastes": {
    "time": 1660449070638.0796,
    "uuid": "dbb8ab58-1d0d-4588-9860-4e6356643a2d",
    "missing": false
  },
  "/Users/Shared/shazhiq/GameDev/Cocos/DoItRight/assets/resources/textures/wastes/generalWaste.meta": {
    "time": 1659957240359.4578
  },
  "/Users/Shared/shazhiq/GameDev/Cocos/DoItRight/assets/resources/textures/wastes/generalWaste": {
    "time": 1661068685236.3218,
    "uuid": "fd438ff9-a192-41f5-ac03-5ee236136add",
    "missing": false
  },
  "/Users/Shared/shazhiq/GameDev/Cocos/DoItRight/assets/resources/textures/wastes/recycling.meta": {
    "time": 1660448753689.7002
  },
  "/Users/Shared/shazhiq/GameDev/Cocos/DoItRight/assets/resources/textures/wastes/recycling": {
    "time": 1661068704054.7344,
    "uuid": "d19cf2ab-1c11-4a06-9c90-10f6e7a755b6",
    "missing": false
  },
  "/Users/Shared/shazhiq/GameDev/Cocos/DoItRight/assets/scripts/WasteMove_singleWasteMove.ts.meta": {
    "time": 1660465006546.5852
  },
  "/Users/Shared/shazhiq/GameDev/Cocos/DoItRight/assets/scripts/WasteMove_singleWasteMove.ts": {
    "time": 1660466616937.1255,
    "uuid": "28627f3b-306f-475d-833d-340a5646fe9e",
    "missing": false
  },
  "/Users/Shared/shazhiq/GameDev/Cocos/DoItRight/assets/scripts/WasteDrag.ts.meta": {
    "time": 1660559520646.6277
  },
  "/Users/Shared/shazhiq/GameDev/Cocos/DoItRight/assets/scripts/WasteDrag.ts": {
    "time": 1660560917304.364,
    "uuid": "c719f4a6-22db-45da-a7ec-45c3933d3eec",
    "missing": false
  },
  "/Users/Shared/shazhiq/GameDev/Cocos/DoItRight/assets/scripts/WasteCollect.ts.meta": {
    "time": 1660560998974.8347
  },
  "/Users/Shared/shazhiq/GameDev/Cocos/DoItRight/assets/scripts/WasteCollect.ts": {
    "time": 1661078838616.1729,
    "uuid": "906fd821-25ee-4a7d-85ed-cda683a38537",
    "missing": false
  },
  "/Users/Shared/shazhiq/GameDev/Cocos/DoItRight/assets/resources/textures/wastes/generalWaste/gwaste_plastic_straws.png.meta": {
    "time": 1661068680351.1233
  },
  "/Users/Shared/shazhiq/GameDev/Cocos/DoItRight/assets/resources/textures/wastes/generalWaste/gwaste_plastic_straws.png": {
    "time": 1659957251860.9268,
    "uuid": "7c0a0a0d-a732-467a-afa5-e2fbe5fd06b6",
    "missing": false
  },
  "/Users/Shared/shazhiq/GameDev/Cocos/DoItRight/assets/resources/textures/wastes/generalWaste/gwaste_toy.png.meta": {
    "time": 1661068685269.1492
  },
  "/Users/Shared/shazhiq/GameDev/Cocos/DoItRight/assets/resources/textures/wastes/generalWaste/gwaste_toy.png": {
    "time": 1660637178189.1836,
    "uuid": "c12e053c-0d16-4659-a2b2-be81bf427ef7",
    "missing": false
  },
  "/Users/Shared/shazhiq/GameDev/Cocos/DoItRight/assets/resources/textures/wastes/recycling/recycle_cardboard.jpeg.meta": {
    "time": 1661068699650.6057
  },
  "/Users/Shared/shazhiq/GameDev/Cocos/DoItRight/assets/resources/textures/wastes/recycling/recycle_cardboard.jpeg": {
    "time": 1659957258917.2754,
    "uuid": "a5f0a685-da8c-41aa-9c4a-fbcf8d61cbcc",
    "missing": false
  },
  "/Users/Shared/shazhiq/GameDev/Cocos/DoItRight/assets/resources/textures/wastes/recycling/recycle_plastic_bottles.png.meta": {
    "time": 1661068704106.5652
  },
  "/Users/Shared/shazhiq/GameDev/Cocos/DoItRight/assets/resources/textures/wastes/recycling/recycle_plastic_bottles.png": {
    "time": 1659957394049.7964,
    "uuid": "e32f749a-54c1-418d-96a1-259916309111",
    "missing": false
  },
  "/Users/Shared/shazhiq/GameDev/Cocos/DoItRight/assets/scripts/WasteList.ts.meta": {
    "time": 1661069623464.21
  },
  "/Users/Shared/shazhiq/GameDev/Cocos/DoItRight/assets/scripts/WasteList.ts": {
    "time": 1661074693796.5925,
    "uuid": "40e8e528-a8a9-4422-ab17-f51d102b57c0",
    "missing": false
  },
  "/Users/Shared/shazhiq/GameDev/Cocos/DoItRight/assets/resources/audio.meta": {
    "time": 1661076712223.6143
  },
  "/Users/Shared/shazhiq/GameDev/Cocos/DoItRight/assets/resources/audio": {
    "time": 1661076728983.7278,
    "uuid": "07cc7dd6-1c83-4939-8b73-6bd6304a77fd",
    "missing": false
  },
  "/Users/Shared/shazhiq/GameDev/Cocos/DoItRight/assets/resources/audio/yes.mp3.meta": {
    "time": 1661076719154.4097
  },
  "/Users/Shared/shazhiq/GameDev/Cocos/DoItRight/assets/resources/audio/yes.mp3": {
    "time": 1661076718725.1492,
    "uuid": "5aca6f6a-aa6e-46eb-8bba-6a621ae25ae2",
    "missing": false
  },
  "/Users/Shared/shazhiq/GameDev/Cocos/DoItRight/assets/resources/audio/wrong.mp3.meta": {
    "time": 1661076729000.0166
  },
  "/Users/Shared/shazhiq/GameDev/Cocos/DoItRight/assets/resources/audio/wrong.mp3": {
    "time": 1661076728982.224,
    "uuid": "734d6dc8-f429-4405-958f-446dfa7aedbb",
    "missing": false
  },
  "/Users/Shared/shazhiq/GameDev/Cocos/DoItRight/assets/scripts/audioManager.ts.meta": {
    "time": 1661077694814.5715
  },
  "/Users/Shared/shazhiq/GameDev/Cocos/DoItRight/assets/scripts/audioManager.ts": {
    "time": 1661078106871.6084,
    "uuid": "afead248-f6d3-40d6-84f7-29a3231632d5",
    "missing": false
  }
}
