[
    1,
    [
        "58CG/L1Y5J47XgGTJ7h2ny@6c48a"
    ],
    [
        "_textureSource"
    ],
    [
        "cc.SpriteFrame"
    ],
    0,
    [
        {
            "name": "score",
            "rect": {
                "x": 0,
                "y": 0,
                "width": 1476,
                "height": 734
            },
            "offset": {
                "x": 0,
                "y": 0
            },
            "originalSize": {
                "width": 1476,
                "height": 734
            },
            "rotated": false,
            "capInsets": [
                0,
                0,
                0,
                0
            ],
            "packable": true
        }
    ],
    [
        0
    ],
    0,
    [
        0
    ],
    [
        0
    ],
    [
        0
    ]
]
