{
  "f46876e4-e81b-4931-b493-6d367be385e7": {
    "assetUuid": "f46876e4-e81b-4931-b493-6d367be385e7",
    "animationUuid": "",
    "expandLevels": [
      "0",
      "0_0"
    ]
  },
  "aeb13901-4390-4ace-a7ae-967e8c31c40d": {
    "assetUuid": "aeb13901-4390-4ace-a7ae-967e8c31c40d",
    "animationUuid": "",
    "expandLevels": [
      "0",
      "0_0",
      "0_0_4",
      "0_0_6",
      "0_0_7",
      "0_1"
    ]
  },
  "6974c64a-5dca-4f4c-9d7c-ee1bc6bcd7eb": {
    "assetUuid": "6974c64a-5dca-4f4c-9d7c-ee1bc6bcd7eb",
    "animationUuid": "",
    "expandLevels": [
      "0",
      "0_0",
      "0_0_2",
      "0_0_3",
      "0_0_3_0",
      "0_0_5",
      "0_0_7"
    ]
  },
  "548aee15-e35e-44cb-b9b3-5830caf5ae4a": {
    "assetUuid": "548aee15-e35e-44cb-b9b3-5830caf5ae4a",
    "animationUuid": "",
    "expandLevels": [
      "0",
      "0_1",
      "0_1_2"
    ]
  },
  "39807932-eaa2-4b6c-9ac9-757948c3bc5a": {
    "assetUuid": "39807932-eaa2-4b6c-9ac9-757948c3bc5a",
    "animationUuid": "",
    "expandLevels": [
      "0",
      "0_1"
    ]
  },
  "908a1ff0-df31-4a0c-ab65-3975e1b3fd8a": {
    "assetUuid": "908a1ff0-df31-4a0c-ab65-3975e1b3fd8a",
    "animationUuid": "",
    "expandLevels": [
      "0",
      "0_1",
      "0_1_2"
    ]
  },
  "5ccae54a-d344-4c62-b933-138a4037160b": {
    "assetUuid": "5ccae54a-d344-4c62-b933-138a4037160b",
    "animationUuid": "",
    "expandLevels": [
      "0",
      "0_1"
    ]
  },
  "336a7901-5b05-49a3-81f3-d3d9451297d5": {
    "assetUuid": "336a7901-5b05-49a3-81f3-d3d9451297d5",
    "animationUuid": "",
    "expandLevels": [
      "0",
      "0_1",
      "0_1_1_1"
    ]
  },
  "8eeaea27-73a9-46c7-9387-c7115026d84e": {
    "assetUuid": "8eeaea27-73a9-46c7-9387-c7115026d84e",
    "animationUuid": "",
    "expandLevels": [
      "0"
    ]
  },
  "1bf38a8b-7df7-4d92-bbb2-a2a328652b58": {
    "assetUuid": "1bf38a8b-7df7-4d92-bbb2-a2a328652b58",
    "animationUuid": "",
    "expandLevels": [
      "0"
    ]
  }
}
