[
    1,
    [
        "7eMpATsSFI34THr1YH0EjR@6c48a"
    ],
    [
        "_textureSource"
    ],
    [
        "cc.SpriteFrame"
    ],
    0,
    [
        {
            "name": "bin_recycle",
            "rect": {
                "x": 0,
                "y": 0,
                "width": 814,
                "height": 234
            },
            "offset": {
                "x": 0,
                "y": 0
            },
            "originalSize": {
                "width": 814,
                "height": 234
            },
            "rotated": false,
            "capInsets": [
                0,
                0,
                0,
                0
            ],
            "packable": true
        }
    ],
    [
        0
    ],
    0,
    [
        0
    ],
    [
        0
    ],
    [
        0
    ]
]
