{
  "cce:/internal/x/cc": {
    "mTimestamp": 17260.297041893005,
    "chunkId": "quick-pack:/cce/internal/x/cc.js",
    "imports": [
      {
        "value": "cce:/internal/x/cc-fu/base",
        "rewritten": "__unresolved_0",
        "loc": {
          "start": {
            "line": 1,
            "column": 14
          },
          "end": {
            "line": 1,
            "column": 42
          }
        }
      },
      {
        "value": "cce:/internal/x/cc-fu/gfx-webgl",
        "rewritten": "__unresolved_1",
        "loc": {
          "start": {
            "line": 2,
            "column": 14
          },
          "end": {
            "line": 2,
            "column": 47
          }
        }
      },
      {
        "value": "cce:/internal/x/cc-fu/gfx-webgl2",
        "rewritten": "__unresolved_2",
        "loc": {
          "start": {
            "line": 3,
            "column": 14
          },
          "end": {
            "line": 3,
            "column": 48
          }
        }
      },
      {
        "value": "cce:/internal/x/cc-fu/3d",
        "rewritten": "__unresolved_3",
        "loc": {
          "start": {
            "line": 4,
            "column": 14
          },
          "end": {
            "line": 4,
            "column": 40
          }
        }
      },
      {
        "value": "cce:/internal/x/cc-fu/2d",
        "rewritten": "__unresolved_4",
        "loc": {
          "start": {
            "line": 5,
            "column": 14
          },
          "end": {
            "line": 5,
            "column": 40
          }
        }
      },
      {
        "value": "cce:/internal/x/cc-fu/ui",
        "rewritten": "__unresolved_5",
        "loc": {
          "start": {
            "line": 6,
            "column": 14
          },
          "end": {
            "line": 6,
            "column": 40
          }
        }
      },
      {
        "value": "cce:/internal/x/cc-fu/particle",
        "rewritten": "__unresolved_6",
        "loc": {
          "start": {
            "line": 7,
            "column": 14
          },
          "end": {
            "line": 7,
            "column": 46
          }
        }
      },
      {
        "value": "cce:/internal/x/cc-fu/particle-2d",
        "rewritten": "__unresolved_7",
        "loc": {
          "start": {
            "line": 8,
            "column": 14
          },
          "end": {
            "line": 8,
            "column": 49
          }
        }
      },
      {
        "value": "cce:/internal/x/cc-fu/physics-framework",
        "rewritten": "__unresolved_8",
        "loc": {
          "start": {
            "line": 9,
            "column": 14
          },
          "end": {
            "line": 9,
            "column": 55
          }
        }
      },
      {
        "value": "cce:/internal/x/cc-fu/physics-2d-framework",
        "rewritten": "__unresolved_9",
        "loc": {
          "start": {
            "line": 10,
            "column": 14
          },
          "end": {
            "line": 10,
            "column": 58
          }
        }
      },
      {
        "value": "cce:/internal/x/cc-fu/intersection-2d",
        "rewritten": "__unresolved_10",
        "loc": {
          "start": {
            "line": 11,
            "column": 14
          },
          "end": {
            "line": 11,
            "column": 53
          }
        }
      },
      {
        "value": "cce:/internal/x/cc-fu/primitive",
        "rewritten": "__unresolved_11",
        "loc": {
          "start": {
            "line": 12,
            "column": 14
          },
          "end": {
            "line": 12,
            "column": 47
          }
        }
      },
      {
        "value": "cce:/internal/x/cc-fu/profiler",
        "rewritten": "__unresolved_12",
        "loc": {
          "start": {
            "line": 13,
            "column": 14
          },
          "end": {
            "line": 13,
            "column": 46
          }
        }
      },
      {
        "value": "cce:/internal/x/cc-fu/audio",
        "rewritten": "__unresolved_13",
        "loc": {
          "start": {
            "line": 14,
            "column": 14
          },
          "end": {
            "line": 14,
            "column": 43
          }
        }
      },
      {
        "value": "cce:/internal/x/cc-fu/video",
        "rewritten": "__unresolved_14",
        "loc": {
          "start": {
            "line": 15,
            "column": 14
          },
          "end": {
            "line": 15,
            "column": 43
          }
        }
      },
      {
        "value": "cce:/internal/x/cc-fu/terrain",
        "rewritten": "__unresolved_15",
        "loc": {
          "start": {
            "line": 16,
            "column": 14
          },
          "end": {
            "line": 16,
            "column": 45
          }
        }
      },
      {
        "value": "cce:/internal/x/cc-fu/webview",
        "rewritten": "__unresolved_16",
        "loc": {
          "start": {
            "line": 17,
            "column": 14
          },
          "end": {
            "line": 17,
            "column": 45
          }
        }
      },
      {
        "value": "cce:/internal/x/cc-fu/tween",
        "rewritten": "__unresolved_17",
        "loc": {
          "start": {
            "line": 18,
            "column": 14
          },
          "end": {
            "line": 18,
            "column": 43
          }
        }
      },
      {
        "value": "cce:/internal/x/cc-fu/tiled-map",
        "rewritten": "__unresolved_18",
        "loc": {
          "start": {
            "line": 19,
            "column": 14
          },
          "end": {
            "line": 19,
            "column": 47
          }
        }
      },
      {
        "value": "cce:/internal/x/cc-fu/spine",
        "rewritten": "__unresolved_19",
        "loc": {
          "start": {
            "line": 20,
            "column": 14
          },
          "end": {
            "line": 20,
            "column": 43
          }
        }
      },
      {
        "value": "cce:/internal/x/cc-fu/dragon-bones",
        "rewritten": "__unresolved_20",
        "loc": {
          "start": {
            "line": 21,
            "column": 14
          },
          "end": {
            "line": 21,
            "column": 50
          }
        }
      }
    ],
    "modLoMetadata": {
      "type": "esm"
    },
    "resolvedImports": [
      {
        "specifierOrURL": "cce:/internal/x/cc-fu/base",
        "isExternal": true
      },
      {
        "specifierOrURL": "cce:/internal/x/cc-fu/gfx-webgl",
        "isExternal": true
      },
      {
        "specifierOrURL": "cce:/internal/x/cc-fu/gfx-webgl2",
        "isExternal": true
      },
      {
        "specifierOrURL": "cce:/internal/x/cc-fu/3d",
        "isExternal": true
      },
      {
        "specifierOrURL": "cce:/internal/x/cc-fu/2d",
        "isExternal": true
      },
      {
        "specifierOrURL": "cce:/internal/x/cc-fu/ui",
        "isExternal": true
      },
      {
        "specifierOrURL": "cce:/internal/x/cc-fu/particle",
        "isExternal": true
      },
      {
        "specifierOrURL": "cce:/internal/x/cc-fu/particle-2d",
        "isExternal": true
      },
      {
        "specifierOrURL": "cce:/internal/x/cc-fu/physics-framework",
        "isExternal": true
      },
      {
        "specifierOrURL": "cce:/internal/x/cc-fu/physics-2d-framework",
        "isExternal": true
      },
      {
        "specifierOrURL": "cce:/internal/x/cc-fu/intersection-2d",
        "isExternal": true
      },
      {
        "specifierOrURL": "cce:/internal/x/cc-fu/primitive",
        "isExternal": true
      },
      {
        "specifierOrURL": "cce:/internal/x/cc-fu/profiler",
        "isExternal": true
      },
      {
        "specifierOrURL": "cce:/internal/x/cc-fu/audio",
        "isExternal": true
      },
      {
        "specifierOrURL": "cce:/internal/x/cc-fu/video",
        "isExternal": true
      },
      {
        "specifierOrURL": "cce:/internal/x/cc-fu/terrain",
        "isExternal": true
      },
      {
        "specifierOrURL": "cce:/internal/x/cc-fu/webview",
        "isExternal": true
      },
      {
        "specifierOrURL": "cce:/internal/x/cc-fu/tween",
        "isExternal": true
      },
      {
        "specifierOrURL": "cce:/internal/x/cc-fu/tiled-map",
        "isExternal": true
      },
      {
        "specifierOrURL": "cce:/internal/x/cc-fu/spine",
        "isExternal": true
      },
      {
        "specifierOrURL": "cce:/internal/x/cc-fu/dragon-bones",
        "isExternal": true
      }
    ]
  },
  "cce:/internal/x/prerequisite-imports": {
    "mTimestamp": 14256830.640999794,
    "chunkId": "quick-pack:/cce/internal/x/prerequisite-imports.js",
    "imports": [
      {
        "value": "file:///Users/Shared/shazhiq/GameDev/Cocos/DoItRight/assets/Aug09%20class/script_demo/moveTheBelts.ts",
        "rewritten": "__unresolved_0",
        "loc": {
          "start": {
            "line": 5,
            "column": 35
          },
          "end": {
            "line": 5,
            "column": 138
          }
        }
      },
      {
        "value": "file:///Users/Shared/shazhiq/GameDev/Cocos/DoItRight/assets/Aug09%20class/script_demo/welcomeMsgList.ts",
        "rewritten": "__unresolved_1",
        "loc": {
          "start": {
            "line": 5,
            "column": 154
          },
          "end": {
            "line": 5,
            "column": 259
          }
        }
      },
      {
        "value": "file:///Users/Shared/shazhiq/GameDev/Cocos/DoItRight/assets/Aug09%20class/script_demo/welcomeMsgLoad.ts",
        "rewritten": "__unresolved_2",
        "loc": {
          "start": {
            "line": 5,
            "column": 275
          },
          "end": {
            "line": 5,
            "column": 380
          }
        }
      },
      {
        "value": "file:///Users/Shared/shazhiq/GameDev/Cocos/DoItRight/assets/Jul26%20class/MoveToGameOver.ts",
        "rewritten": "__unresolved_3",
        "loc": {
          "start": {
            "line": 5,
            "column": 396
          },
          "end": {
            "line": 5,
            "column": 489
          }
        }
      },
      {
        "value": "file:///Users/Shared/shazhiq/GameDev/Cocos/DoItRight/assets/Jul26%20class/startGame.ts",
        "rewritten": "__unresolved_4",
        "loc": {
          "start": {
            "line": 5,
            "column": 505
          },
          "end": {
            "line": 5,
            "column": 593
          }
        }
      },
      {
        "value": "file:///Users/Shared/shazhiq/GameDev/Cocos/DoItRight/assets/scripts/BeltMove.ts",
        "rewritten": "__unresolved_5",
        "loc": {
          "start": {
            "line": 5,
            "column": 609
          },
          "end": {
            "line": 5,
            "column": 690
          }
        }
      },
      {
        "value": "file:///Users/Shared/shazhiq/GameDev/Cocos/DoItRight/assets/scripts/GameManager.ts",
        "rewritten": "__unresolved_6",
        "loc": {
          "start": {
            "line": 5,
            "column": 706
          },
          "end": {
            "line": 5,
            "column": 790
          }
        }
      },
      {
        "value": "file:///Users/Shared/shazhiq/GameDev/Cocos/DoItRight/assets/scripts/ResourceManager.ts",
        "rewritten": "__unresolved_7",
        "loc": {
          "start": {
            "line": 5,
            "column": 806
          },
          "end": {
            "line": 5,
            "column": 894
          }
        }
      },
      {
        "value": "file:///Users/Shared/shazhiq/GameDev/Cocos/DoItRight/assets/scripts/SceneSwitch.ts",
        "rewritten": "__unresolved_8",
        "loc": {
          "start": {
            "line": 5,
            "column": 910
          },
          "end": {
            "line": 5,
            "column": 994
          }
        }
      },
      {
        "value": "file:///Users/Shared/shazhiq/GameDev/Cocos/DoItRight/assets/scripts/ScreenAdapter.ts",
        "rewritten": "__unresolved_9",
        "loc": {
          "start": {
            "line": 5,
            "column": 1010
          },
          "end": {
            "line": 5,
            "column": 1096
          }
        }
      },
      {
        "value": "file:///Users/Shared/shazhiq/GameDev/Cocos/DoItRight/assets/scripts/WasteCollect.ts",
        "rewritten": "__unresolved_10",
        "loc": {
          "start": {
            "line": 5,
            "column": 1112
          },
          "end": {
            "line": 5,
            "column": 1197
          }
        }
      },
      {
        "value": "file:///Users/Shared/shazhiq/GameDev/Cocos/DoItRight/assets/scripts/WasteDrag.ts",
        "rewritten": "__unresolved_11",
        "loc": {
          "start": {
            "line": 5,
            "column": 1213
          },
          "end": {
            "line": 5,
            "column": 1295
          }
        }
      },
      {
        "value": "file:///Users/Shared/shazhiq/GameDev/Cocos/DoItRight/assets/scripts/WasteList.ts",
        "rewritten": "__unresolved_12",
        "loc": {
          "start": {
            "line": 5,
            "column": 1311
          },
          "end": {
            "line": 5,
            "column": 1393
          }
        }
      },
      {
        "value": "file:///Users/Shared/shazhiq/GameDev/Cocos/DoItRight/assets/scripts/WasteMove.ts",
        "rewritten": "__unresolved_13",
        "loc": {
          "start": {
            "line": 5,
            "column": 1409
          },
          "end": {
            "line": 5,
            "column": 1491
          }
        }
      },
      {
        "value": "file:///Users/Shared/shazhiq/GameDev/Cocos/DoItRight/assets/scripts/WasteMove_singleWasteMove.ts",
        "rewritten": "__unresolved_14",
        "loc": {
          "start": {
            "line": 5,
            "column": 1507
          },
          "end": {
            "line": 5,
            "column": 1605
          }
        }
      },
      {
        "value": "file:///Users/Shared/shazhiq/GameDev/Cocos/DoItRight/assets/scripts/audioManager.ts",
        "rewritten": "__unresolved_15",
        "loc": {
          "start": {
            "line": 5,
            "column": 1621
          },
          "end": {
            "line": 5,
            "column": 1706
          }
        }
      },
      {
        "value": "file:///Users/Shared/shazhiq/GameDev/Cocos/DoItRight/assets/scripts/welcome/KnowledgeSharingList.ts",
        "rewritten": "__unresolved_16",
        "loc": {
          "start": {
            "line": 5,
            "column": 1722
          },
          "end": {
            "line": 5,
            "column": 1823
          }
        }
      },
      {
        "value": "file:///Users/Shared/shazhiq/GameDev/Cocos/DoItRight/assets/scripts/welcome/WelcomeLoading.ts",
        "rewritten": "__unresolved_17",
        "loc": {
          "start": {
            "line": 5,
            "column": 1839
          },
          "end": {
            "line": 5,
            "column": 1934
          }
        }
      }
    ],
    "modLoMetadata": {
      "type": "esm"
    },
    "resolvedImports": [
      {
        "isExternal": false,
        "url": "file:///Users/Shared/shazhiq/GameDev/Cocos/DoItRight/assets/Aug09%20class/script_demo/moveTheBelts.ts"
      },
      {
        "isExternal": false,
        "url": "file:///Users/Shared/shazhiq/GameDev/Cocos/DoItRight/assets/Aug09%20class/script_demo/welcomeMsgList.ts"
      },
      {
        "isExternal": false,
        "url": "file:///Users/Shared/shazhiq/GameDev/Cocos/DoItRight/assets/Aug09%20class/script_demo/welcomeMsgLoad.ts"
      },
      {
        "isExternal": false,
        "url": "file:///Users/Shared/shazhiq/GameDev/Cocos/DoItRight/assets/Jul26%20class/MoveToGameOver.ts"
      },
      {
        "isExternal": false,
        "url": "file:///Users/Shared/shazhiq/GameDev/Cocos/DoItRight/assets/Jul26%20class/startGame.ts"
      },
      {
        "isExternal": false,
        "url": "file:///Users/Shared/shazhiq/GameDev/Cocos/DoItRight/assets/scripts/BeltMove.ts"
      },
      {
        "isExternal": false,
        "url": "file:///Users/Shared/shazhiq/GameDev/Cocos/DoItRight/assets/scripts/GameManager.ts"
      },
      {
        "isExternal": false,
        "url": "file:///Users/Shared/shazhiq/GameDev/Cocos/DoItRight/assets/scripts/ResourceManager.ts"
      },
      {
        "isExternal": false,
        "url": "file:///Users/Shared/shazhiq/GameDev/Cocos/DoItRight/assets/scripts/SceneSwitch.ts"
      },
      {
        "isExternal": false,
        "url": "file:///Users/Shared/shazhiq/GameDev/Cocos/DoItRight/assets/scripts/ScreenAdapter.ts"
      },
      {
        "isExternal": false,
        "url": "file:///Users/Shared/shazhiq/GameDev/Cocos/DoItRight/assets/scripts/WasteCollect.ts"
      },
      {
        "isExternal": false,
        "url": "file:///Users/Shared/shazhiq/GameDev/Cocos/DoItRight/assets/scripts/WasteDrag.ts"
      },
      {
        "isExternal": false,
        "url": "file:///Users/Shared/shazhiq/GameDev/Cocos/DoItRight/assets/scripts/WasteList.ts"
      },
      {
        "isExternal": false,
        "url": "file:///Users/Shared/shazhiq/GameDev/Cocos/DoItRight/assets/scripts/WasteMove.ts"
      },
      {
        "isExternal": false,
        "url": "file:///Users/Shared/shazhiq/GameDev/Cocos/DoItRight/assets/scripts/WasteMove_singleWasteMove.ts"
      },
      {
        "isExternal": false,
        "url": "file:///Users/Shared/shazhiq/GameDev/Cocos/DoItRight/assets/scripts/audioManager.ts"
      },
      {
        "isExternal": false,
        "url": "file:///Users/Shared/shazhiq/GameDev/Cocos/DoItRight/assets/scripts/welcome/KnowledgeSharingList.ts"
      },
      {
        "isExternal": false,
        "url": "file:///Users/Shared/shazhiq/GameDev/Cocos/DoItRight/assets/scripts/welcome/WelcomeLoading.ts"
      }
    ]
  },
  "file:///Users/Shared/shazhiq/GameDev/Cocos/DoItRight/assets/scripts/ScreenAdapter.ts": {
    "mTimestamp": {
      "mtime": 1658816286280.2869,
      "uuid": "d4c66051-1ba0-4918-8185-62b0435ac819"
    },
    "chunkId": "assets/scripts/ScreenAdapter.js",
    "imports": [
      {
        "value": "cc"
      },
      {
        "value": "cc",
        "loc": {
          "start": {
            "line": 2,
            "column": 89
          },
          "end": {
            "line": 2,
            "column": 93
          }
        }
      }
    ],
    "modLoMetadata": {
      "type": "esm"
    },
    "resolvedImports": [
      {
        "isExternal": false,
        "url": "cce:/internal/x/cc"
      },
      {
        "isExternal": false,
        "url": "cce:/internal/x/cc"
      }
    ]
  },
  "file:///Users/Shared/shazhiq/GameDev/Cocos/DoItRight/assets/scripts/SceneSwitch.ts": {
    "mTimestamp": {
      "mtime": 1658818749670.6396,
      "uuid": "fb202c19-e268-4da7-b4a1-4ac877706686"
    },
    "chunkId": "assets/scripts/SceneSwitch.js",
    "imports": [
      {
        "value": "cc"
      },
      {
        "value": "cc",
        "loc": {
          "start": {
            "line": 2,
            "column": 54
          },
          "end": {
            "line": 2,
            "column": 58
          }
        }
      }
    ],
    "modLoMetadata": {
      "type": "esm"
    },
    "resolvedImports": [
      {
        "isExternal": false,
        "url": "cce:/internal/x/cc"
      },
      {
        "isExternal": false,
        "url": "cce:/internal/x/cc"
      }
    ]
  },
  "file:///Users/Shared/shazhiq/GameDev/Cocos/DoItRight/assets/scripts/GameOver.ts": {
    "mTimestamp": {
      "mtime": 1658817992040.1746,
      "uuid": "d95185f8-47de-4770-ba18-25001d50d84f"
    },
    "chunkId": "assets/scripts/GameOver.js",
    "imports": [
      {
        "value": "cc"
      },
      {
        "value": "cc",
        "loc": {
          "start": {
            "line": 2,
            "column": 44
          },
          "end": {
            "line": 2,
            "column": 48
          }
        }
      }
    ],
    "modLoMetadata": {
      "type": "esm"
    },
    "resolvedImports": [
      {
        "isExternal": false,
        "url": "cce:/internal/x/cc"
      },
      {
        "isExternal": false,
        "url": "cce:/internal/x/cc"
      }
    ]
  },
  "file:///Users/Shared/shazhiq/GameDev/Cocos/DoItRight/assets/startGame.ts": {
    "mTimestamp": {
      "mtime": 1658820163964.548,
      "uuid": "e945f42b-acdd-4be7-848e-a64e3a926596"
    },
    "chunkId": "assets/startGame.js",
    "imports": [
      {
        "value": "cc"
      },
      {
        "value": "cc",
        "loc": {
          "start": {
            "line": 2,
            "column": 54
          },
          "end": {
            "line": 2,
            "column": 58
          }
        }
      }
    ],
    "modLoMetadata": {
      "type": "esm"
    },
    "resolvedImports": [
      {
        "isExternal": false,
        "url": "cce:/internal/x/cc"
      },
      {
        "isExternal": false,
        "url": "cce:/internal/x/cc"
      }
    ]
  },
  "file:///Users/Shared/shazhiq/GameDev/Cocos/DoItRight/assets/MoveToGameOver.ts": {
    "mTimestamp": {
      "mtime": 1658821367021.24,
      "uuid": "eb53fe0d-6ebb-458b-a048-ff5945997043"
    },
    "chunkId": "assets/MoveToGameOver.js",
    "imports": [
      {
        "value": "cc"
      },
      {
        "value": "cc",
        "loc": {
          "start": {
            "line": 2,
            "column": 54
          },
          "end": {
            "line": 2,
            "column": 58
          }
        }
      }
    ],
    "modLoMetadata": {
      "type": "esm"
    },
    "resolvedImports": [
      {
        "isExternal": false,
        "url": "cce:/internal/x/cc"
      },
      {
        "isExternal": false,
        "url": "cce:/internal/x/cc"
      }
    ]
  },
  "file:///Users/Shared/shazhiq/GameDev/Cocos/DoItRight/assets/Jul26%20class/MoveToGameOver.ts": {
    "mTimestamp": {
      "mtime": 1658821367021.24,
      "uuid": "eb53fe0d-6ebb-458b-a048-ff5945997043"
    },
    "chunkId": "assets/Jul26%20class/MoveToGameOver.js",
    "imports": [
      {
        "value": "cc"
      },
      {
        "value": "cc",
        "loc": {
          "start": {
            "line": 2,
            "column": 54
          },
          "end": {
            "line": 2,
            "column": 58
          }
        }
      }
    ],
    "modLoMetadata": {
      "type": "esm"
    },
    "resolvedImports": [
      {
        "isExternal": false,
        "url": "cce:/internal/x/cc"
      },
      {
        "isExternal": false,
        "url": "cce:/internal/x/cc"
      }
    ]
  },
  "file:///Users/Shared/shazhiq/GameDev/Cocos/DoItRight/assets/Jul26%20class/startGame.ts": {
    "mTimestamp": {
      "mtime": 1658820163964.548,
      "uuid": "e945f42b-acdd-4be7-848e-a64e3a926596"
    },
    "chunkId": "assets/Jul26%20class/startGame.js",
    "imports": [
      {
        "value": "cc"
      },
      {
        "value": "cc",
        "loc": {
          "start": {
            "line": 2,
            "column": 54
          },
          "end": {
            "line": 2,
            "column": 58
          }
        }
      }
    ],
    "modLoMetadata": {
      "type": "esm"
    },
    "resolvedImports": [
      {
        "isExternal": false,
        "url": "cce:/internal/x/cc"
      },
      {
        "isExternal": false,
        "url": "cce:/internal/x/cc"
      }
    ]
  },
  "file:///Users/Shared/shazhiq/GameDev/Cocos/DoItRight/assets/scripts/KnowledgeSharingList.ts": {
    "mTimestamp": {
      "mtime": 1658830696094.29,
      "uuid": "d563c8e8-1bb0-4c5f-a699-bde7cdbcecc2"
    },
    "chunkId": "assets/scripts/KnowledgeSharingList.js",
    "imports": [
      {
        "value": "cc"
      },
      {
        "value": "cc",
        "loc": {
          "start": {
            "line": 2,
            "column": 44
          },
          "end": {
            "line": 2,
            "column": 48
          }
        }
      }
    ],
    "modLoMetadata": {
      "type": "esm"
    },
    "resolvedImports": [
      {
        "isExternal": false,
        "url": "cce:/internal/x/cc"
      },
      {
        "isExternal": false,
        "url": "cce:/internal/x/cc"
      }
    ]
  },
  "file:///Users/Shared/shazhiq/GameDev/Cocos/DoItRight/assets/scripts/welcome/KnowledgeSharingList.ts": {
    "mTimestamp": {
      "mtime": 1660637810429.2463,
      "uuid": "d563c8e8-1bb0-4c5f-a699-bde7cdbcecc2"
    },
    "chunkId": "assets/scripts/welcome/KnowledgeSharingList.js",
    "imports": [
      {
        "value": "cc"
      }
    ],
    "modLoMetadata": {
      "type": "esm"
    },
    "resolvedImports": [
      {
        "isExternal": false,
        "url": "cce:/internal/x/cc"
      }
    ]
  },
  "file:///Users/Shared/shazhiq/GameDev/Cocos/DoItRight/assets/scripts/welcome/WelcomeLoading.ts": {
    "mTimestamp": {
      "mtime": 1660026480584.0322,
      "uuid": "268dfb68-3e76-4839-9671-a1b98d60db4e"
    },
    "chunkId": "assets/scripts/welcome/WelcomeLoading.js",
    "imports": [
      {
        "value": "cce:/internal/code-quality/cr.mjs",
        "rewritten": "__unresolved_0"
      },
      {
        "value": "cc"
      },
      {
        "value": "cc",
        "loc": {
          "start": {
            "line": 2,
            "column": 51
          },
          "end": {
            "line": 2,
            "column": 55
          }
        }
      },
      {
        "value": "./KnowledgeSharingList",
        "rewritten": "__unresolved_1",
        "loc": {
          "start": {
            "line": 3,
            "column": 21
          },
          "end": {
            "line": 3,
            "column": 45
          }
        }
      }
    ],
    "modLoMetadata": {
      "type": "esm"
    },
    "resolvedImports": [
      {
        "isExternal": false,
        "url": "cce:/internal/code-quality/cr.mjs"
      },
      {
        "isExternal": false,
        "url": "cce:/internal/x/cc"
      },
      {
        "isExternal": false,
        "url": "cce:/internal/x/cc"
      },
      {
        "isExternal": false,
        "url": "file:///Users/Shared/shazhiq/GameDev/Cocos/DoItRight/assets/scripts/welcome/KnowledgeSharingList.ts"
      }
    ]
  },
  "cce:/internal/code-quality/cr.mjs": {
    "mTimestamp": 1661064583907,
    "chunkId": "quick-pack:/cce/internal/code-quality/cr.js",
    "imports": [],
    "modLoMetadata": {
      "type": "esm"
    },
    "resolvedImports": []
  },
  "file:///Users/Shared/shazhiq/GameDev/Cocos/DoItRight/assets/scripts/BeltMove.ts": {
    "mTimestamp": {
      "mtime": 1660446683436.626,
      "uuid": "a682fc78-5697-41e1-89c4-51f98bbc7bf4"
    },
    "chunkId": "assets/scripts/BeltMove.js",
    "imports": [
      {
        "value": "cce:/internal/code-quality/cr.mjs",
        "rewritten": "__unresolved_0"
      },
      {
        "value": "cc"
      },
      {
        "value": "cc",
        "loc": {
          "start": {
            "line": 2,
            "column": 44
          },
          "end": {
            "line": 2,
            "column": 48
          }
        }
      },
      {
        "value": "./GameManager",
        "rewritten": "__unresolved_1",
        "loc": {
          "start": {
            "line": 3,
            "column": 49
          },
          "end": {
            "line": 3,
            "column": 64
          }
        }
      }
    ],
    "modLoMetadata": {
      "type": "esm"
    },
    "resolvedImports": [
      {
        "isExternal": false,
        "url": "cce:/internal/code-quality/cr.mjs"
      },
      {
        "isExternal": false,
        "url": "cce:/internal/x/cc"
      },
      {
        "isExternal": false,
        "url": "cce:/internal/x/cc"
      },
      {
        "isExternal": false,
        "url": "file:///Users/Shared/shazhiq/GameDev/Cocos/DoItRight/assets/scripts/GameManager.ts"
      }
    ]
  },
  "file:///Users/Shared/shazhiq/GameDev/Cocos/DoItRight/assets/script_demo/welcomeMsgLoad.ts": {
    "mTimestamp": {
      "mtime": 1660032459239.478,
      "uuid": "d0c6970f-79ea-4bf8-8af7-b835fb2d3bdc"
    },
    "chunkId": "assets/script_demo/welcomeMsgLoad.js",
    "imports": [
      {
        "value": "cce:/internal/code-quality/cr.mjs",
        "rewritten": "__unresolved_0"
      },
      {
        "value": "cc"
      },
      {
        "value": "cc",
        "loc": {
          "start": {
            "line": 1,
            "column": 51
          },
          "end": {
            "line": 1,
            "column": 55
          }
        }
      },
      {
        "value": "./welcomeMsgList",
        "rewritten": "__unresolved_1",
        "loc": {
          "start": {
            "line": 2,
            "column": 21
          },
          "end": {
            "line": 2,
            "column": 39
          }
        }
      }
    ],
    "modLoMetadata": {
      "type": "esm"
    },
    "resolvedImports": [
      {
        "isExternal": false,
        "url": "cce:/internal/code-quality/cr.mjs"
      },
      {
        "isExternal": false,
        "url": "cce:/internal/x/cc"
      },
      {
        "isExternal": false,
        "url": "cce:/internal/x/cc"
      },
      {
        "isExternal": false,
        "url": "file:///Users/Shared/shazhiq/GameDev/Cocos/DoItRight/assets/script_demo/welcomeMsgList.ts"
      }
    ]
  },
  "file:///Users/Shared/shazhiq/GameDev/Cocos/DoItRight/assets/script_demo/welcomeMsgList.ts": {
    "mTimestamp": {
      "mtime": 1660032034059.938,
      "uuid": "20c0964a-6738-4c94-98da-ba7c51e595f5"
    },
    "chunkId": "assets/script_demo/welcomeMsgList.js",
    "imports": [
      {
        "value": "cc"
      }
    ],
    "modLoMetadata": {
      "type": "esm"
    },
    "resolvedImports": [
      {
        "isExternal": false,
        "url": "cce:/internal/x/cc"
      }
    ]
  },
  "file:///Users/Shared/shazhiq/GameDev/Cocos/DoItRight/assets/script_demo/moveTheBelts.ts": {
    "mTimestamp": {
      "mtime": 1660033573992.3552,
      "uuid": "81440d62-ac1c-4b42-ac57-36f5c40ae6b7"
    },
    "chunkId": "assets/script_demo/moveTheBelts.js",
    "imports": [
      {
        "value": "cc"
      },
      {
        "value": "cc",
        "loc": {
          "start": {
            "line": 2,
            "column": 44
          },
          "end": {
            "line": 2,
            "column": 48
          }
        }
      }
    ],
    "modLoMetadata": {
      "type": "esm"
    },
    "resolvedImports": [
      {
        "isExternal": false,
        "url": "cce:/internal/x/cc"
      },
      {
        "isExternal": false,
        "url": "cce:/internal/x/cc"
      }
    ]
  },
  "file:///Users/Shared/shazhiq/GameDev/Cocos/DoItRight/assets/Aug09%20class/script_demo/moveTheBelts.ts": {
    "mTimestamp": {
      "mtime": 1660446659330.0393,
      "uuid": "81440d62-ac1c-4b42-ac57-36f5c40ae6b7"
    },
    "chunkId": "assets/Aug09%20class/script_demo/moveTheBelts.js",
    "imports": [
      {
        "value": "cc"
      },
      {
        "value": "cc",
        "loc": {
          "start": {
            "line": 2,
            "column": 44
          },
          "end": {
            "line": 2,
            "column": 48
          }
        }
      }
    ],
    "modLoMetadata": {
      "type": "esm"
    },
    "resolvedImports": [
      {
        "isExternal": false,
        "url": "cce:/internal/x/cc"
      },
      {
        "isExternal": false,
        "url": "cce:/internal/x/cc"
      }
    ]
  },
  "file:///Users/Shared/shazhiq/GameDev/Cocos/DoItRight/assets/Aug09%20class/script_demo/welcomeMsgLoad.ts": {
    "mTimestamp": {
      "mtime": 1660032459239.478,
      "uuid": "d0c6970f-79ea-4bf8-8af7-b835fb2d3bdc"
    },
    "chunkId": "assets/Aug09%20class/script_demo/welcomeMsgLoad.js",
    "imports": [
      {
        "value": "cce:/internal/code-quality/cr.mjs",
        "rewritten": "__unresolved_0"
      },
      {
        "value": "cc"
      },
      {
        "value": "cc",
        "loc": {
          "start": {
            "line": 1,
            "column": 51
          },
          "end": {
            "line": 1,
            "column": 55
          }
        }
      },
      {
        "value": "./welcomeMsgList",
        "rewritten": "__unresolved_1",
        "loc": {
          "start": {
            "line": 2,
            "column": 21
          },
          "end": {
            "line": 2,
            "column": 39
          }
        }
      }
    ],
    "modLoMetadata": {
      "type": "esm"
    },
    "resolvedImports": [
      {
        "isExternal": false,
        "url": "cce:/internal/code-quality/cr.mjs"
      },
      {
        "isExternal": false,
        "url": "cce:/internal/x/cc"
      },
      {
        "isExternal": false,
        "url": "cce:/internal/x/cc"
      },
      {
        "isExternal": false,
        "url": "file:///Users/Shared/shazhiq/GameDev/Cocos/DoItRight/assets/Aug09%20class/script_demo/welcomeMsgList.ts"
      }
    ]
  },
  "file:///Users/Shared/shazhiq/GameDev/Cocos/DoItRight/assets/Aug09%20class/script_demo/welcomeMsgList.ts": {
    "mTimestamp": {
      "mtime": 1660032034059.938,
      "uuid": "20c0964a-6738-4c94-98da-ba7c51e595f5"
    },
    "chunkId": "assets/Aug09%20class/script_demo/welcomeMsgList.js",
    "imports": [
      {
        "value": "cc"
      }
    ],
    "modLoMetadata": {
      "type": "esm"
    },
    "resolvedImports": [
      {
        "isExternal": false,
        "url": "cce:/internal/x/cc"
      }
    ]
  },
  "file:///Users/Shared/shazhiq/GameDev/Cocos/DoItRight/assets/scripts/GameManager.ts": {
    "mTimestamp": {
      "mtime": 1660447029662.8374,
      "uuid": "70501d1b-6dad-4675-b966-adf835c04988"
    },
    "chunkId": "assets/scripts/GameManager.js",
    "imports": [
      {
        "value": "cc"
      },
      {
        "value": "cc",
        "loc": {
          "start": {
            "line": 2,
            "column": 44
          },
          "end": {
            "line": 2,
            "column": 48
          }
        }
      }
    ],
    "modLoMetadata": {
      "type": "esm"
    },
    "resolvedImports": [
      {
        "isExternal": false,
        "url": "cce:/internal/x/cc"
      },
      {
        "isExternal": false,
        "url": "cce:/internal/x/cc"
      }
    ]
  },
  "file:///Users/Shared/shazhiq/GameDev/Cocos/DoItRight/assets/scripts/WasteMove.ts": {
    "mTimestamp": {
      "mtime": 1661078220960.821,
      "uuid": "31357a8f-07fa-42bc-84bb-b114ce2ad865"
    },
    "chunkId": "assets/scripts/WasteMove.js",
    "imports": [
      {
        "value": "cce:/internal/code-quality/cr.mjs",
        "rewritten": "__unresolved_0"
      },
      {
        "value": "cc"
      },
      {
        "value": "cc",
        "loc": {
          "start": {
            "line": 2,
            "column": 107
          },
          "end": {
            "line": 2,
            "column": 111
          }
        }
      },
      {
        "value": "./GameManager",
        "rewritten": "__unresolved_1",
        "loc": {
          "start": {
            "line": 3,
            "column": 49
          },
          "end": {
            "line": 3,
            "column": 64
          }
        }
      }
    ],
    "modLoMetadata": {
      "type": "esm"
    },
    "resolvedImports": [
      {
        "isExternal": false,
        "url": "cce:/internal/code-quality/cr.mjs"
      },
      {
        "isExternal": false,
        "url": "cce:/internal/x/cc"
      },
      {
        "isExternal": false,
        "url": "cce:/internal/x/cc"
      },
      {
        "isExternal": false,
        "url": "file:///Users/Shared/shazhiq/GameDev/Cocos/DoItRight/assets/scripts/GameManager.ts"
      }
    ]
  },
  "file:///Users/Shared/shazhiq/GameDev/Cocos/DoItRight/assets/scripts/ResourceManager.ts": {
    "mTimestamp": {
      "mtime": 1660454696792.11,
      "uuid": "de70b044-94e5-460d-b783-8f1615ac0a01"
    },
    "chunkId": "assets/scripts/ResourceManager.js",
    "imports": [
      {
        "value": "cc"
      },
      {
        "value": "cc",
        "loc": {
          "start": {
            "line": 1,
            "column": 39
          },
          "end": {
            "line": 1,
            "column": 43
          }
        }
      }
    ],
    "modLoMetadata": {
      "type": "esm"
    },
    "resolvedImports": [
      {
        "isExternal": false,
        "url": "cce:/internal/x/cc"
      },
      {
        "isExternal": false,
        "url": "cce:/internal/x/cc"
      }
    ]
  },
  "file:///Users/Shared/shazhiq/GameDev/Cocos/DoItRight/assets/scripts/WasteMove_singleWasteMove.ts": {
    "mTimestamp": {
      "mtime": 1660466616937.1255,
      "uuid": "28627f3b-306f-475d-833d-340a5646fe9e"
    },
    "chunkId": "assets/scripts/WasteMove_singleWasteMove.js",
    "imports": [
      {
        "value": "cce:/internal/code-quality/cr.mjs",
        "rewritten": "__unresolved_0"
      },
      {
        "value": "cc"
      },
      {
        "value": "cc",
        "loc": {
          "start": {
            "line": 2,
            "column": 107
          },
          "end": {
            "line": 2,
            "column": 111
          }
        }
      },
      {
        "value": "./GameManager",
        "rewritten": "__unresolved_1",
        "loc": {
          "start": {
            "line": 3,
            "column": 49
          },
          "end": {
            "line": 3,
            "column": 64
          }
        }
      }
    ],
    "modLoMetadata": {
      "type": "esm"
    },
    "resolvedImports": [
      {
        "isExternal": false,
        "url": "cce:/internal/code-quality/cr.mjs"
      },
      {
        "isExternal": false,
        "url": "cce:/internal/x/cc"
      },
      {
        "isExternal": false,
        "url": "cce:/internal/x/cc"
      },
      {
        "isExternal": false,
        "url": "file:///Users/Shared/shazhiq/GameDev/Cocos/DoItRight/assets/scripts/GameManager.ts"
      }
    ]
  },
  "file:///Users/Shared/shazhiq/GameDev/Cocos/DoItRight/assets/scripts/WasteDrag.ts": {
    "mTimestamp": {
      "mtime": 1660560917304.364,
      "uuid": "c719f4a6-22db-45da-a7ec-45c3933d3eec"
    },
    "chunkId": "assets/scripts/WasteDrag.js",
    "imports": [
      {
        "value": "cc"
      },
      {
        "value": "cc",
        "loc": {
          "start": {
            "line": 2,
            "column": 93
          },
          "end": {
            "line": 2,
            "column": 97
          }
        }
      }
    ],
    "modLoMetadata": {
      "type": "esm"
    },
    "resolvedImports": [
      {
        "isExternal": false,
        "url": "cce:/internal/x/cc"
      },
      {
        "isExternal": false,
        "url": "cce:/internal/x/cc"
      }
    ]
  },
  "file:///Users/Shared/shazhiq/GameDev/Cocos/DoItRight/assets/scripts/WasteCollect.ts": {
    "mTimestamp": {
      "mtime": 1661078838616.1729,
      "uuid": "906fd821-25ee-4a7d-85ed-cda683a38537"
    },
    "chunkId": "assets/scripts/WasteCollect.js",
    "imports": [
      {
        "value": "cce:/internal/code-quality/cr.mjs",
        "rewritten": "__unresolved_0"
      },
      {
        "value": "cc"
      },
      {
        "value": "cc",
        "loc": {
          "start": {
            "line": 2,
            "column": 141
          },
          "end": {
            "line": 2,
            "column": 145
          }
        }
      },
      {
        "value": "./WasteList",
        "rewritten": "__unresolved_1",
        "loc": {
          "start": {
            "line": 3,
            "column": 26
          },
          "end": {
            "line": 3,
            "column": 39
          }
        }
      },
      {
        "value": "./WasteList",
        "rewritten": "__unresolved_2",
        "loc": {
          "start": {
            "line": 4,
            "column": 32
          },
          "end": {
            "line": 4,
            "column": 45
          }
        }
      }
    ],
    "modLoMetadata": {
      "type": "esm"
    },
    "resolvedImports": [
      {
        "isExternal": false,
        "url": "cce:/internal/code-quality/cr.mjs"
      },
      {
        "isExternal": false,
        "url": "cce:/internal/x/cc"
      },
      {
        "isExternal": false,
        "url": "cce:/internal/x/cc"
      },
      {
        "isExternal": false,
        "url": "file:///Users/Shared/shazhiq/GameDev/Cocos/DoItRight/assets/scripts/WasteList.ts"
      },
      {
        "isExternal": false,
        "url": "file:///Users/Shared/shazhiq/GameDev/Cocos/DoItRight/assets/scripts/WasteList.ts"
      }
    ]
  },
  "file:///Users/Shared/shazhiq/GameDev/Cocos/DoItRight/assets/scripts/WasteList.ts": {
    "mTimestamp": {
      "mtime": 1661074693796.5925,
      "uuid": "40e8e528-a8a9-4422-ab17-f51d102b57c0"
    },
    "chunkId": "assets/scripts/WasteList.js",
    "imports": [
      {
        "value": "cc"
      }
    ],
    "modLoMetadata": {
      "type": "esm"
    },
    "resolvedImports": [
      {
        "isExternal": false,
        "url": "cce:/internal/x/cc"
      }
    ]
  },
  "file:///Users/Shared/shazhiq/GameDev/Cocos/DoItRight/assets/scripts/NewComponent.ts": {
    "mTimestamp": {
      "mtime": 1661077057336.4087,
      "uuid": "fa6388c1-b172-433f-8a70-d5a56c45ba3a"
    },
    "chunkId": "assets/scripts/NewComponent.js",
    "imports": [
      {
        "value": "cc"
      },
      {
        "value": "cc",
        "loc": {
          "start": {
            "line": 2,
            "column": 44
          },
          "end": {
            "line": 2,
            "column": 48
          }
        }
      }
    ],
    "modLoMetadata": {
      "type": "esm"
    },
    "resolvedImports": [
      {
        "isExternal": false,
        "url": "cce:/internal/x/cc"
      },
      {
        "isExternal": false,
        "url": "cce:/internal/x/cc"
      }
    ]
  },
  "file:///Users/Shared/shazhiq/GameDev/Cocos/DoItRight/assets/scripts/AudioSourceControl.mjs?cjs=&original=.js": {
    "mTimestamp": 1661077099950.2004,
    "chunkId": "assets/scripts/AudioSourceControl.proxy.js?cjs&original=.js",
    "imports": [
      {
        "value": "cce:/internal/code-quality/cr.mjs",
        "rewritten": "__unresolved_0"
      },
      {
        "value": "./AudioSourceControl.js",
        "rewritten": "__unresolved_1",
        "loc": {
          "start": {
            "line": 2,
            "column": 36
          },
          "end": {
            "line": 2,
            "column": 61
          }
        }
      },
      {
        "value": "cce:/internal/ml/cjs-loader.mjs",
        "rewritten": "__unresolved_2",
        "loc": {
          "start": {
            "line": 3,
            "column": 19
          },
          "end": {
            "line": 3,
            "column": 52
          }
        }
      },
      {
        "value": "./AudioSourceControl.js",
        "rewritten": "__unresolved_3",
        "loc": {
          "start": {
            "line": 8,
            "column": 14
          },
          "end": {
            "line": 8,
            "column": 39
          }
        }
      },
      {
        "value": "./AudioSourceControl.js",
        "rewritten": "__unresolved_4",
        "loc": {
          "start": {
            "line": 9,
            "column": 29
          },
          "end": {
            "line": 9,
            "column": 54
          }
        }
      }
    ],
    "modLoMetadata": {
      "type": "esm"
    },
    "resolvedImports": [
      {
        "isExternal": false,
        "url": "cce:/internal/code-quality/cr.mjs"
      },
      {
        "isExternal": false,
        "url": "file:///Users/Shared/shazhiq/GameDev/Cocos/DoItRight/assets/scripts/AudioSourceControl.js"
      },
      {
        "isExternal": false,
        "url": "cce:/internal/ml/cjs-loader.mjs"
      },
      {
        "isExternal": false,
        "url": "file:///Users/Shared/shazhiq/GameDev/Cocos/DoItRight/assets/scripts/AudioSourceControl.js"
      },
      {
        "isExternal": false,
        "url": "file:///Users/Shared/shazhiq/GameDev/Cocos/DoItRight/assets/scripts/AudioSourceControl.js"
      }
    ]
  },
  "cce:/internal/ml/cjs-loader.mjs": {
    "mTimestamp": 1661064583907,
    "chunkId": "quick-pack:/cce/internal/ml/cjs-loader.js",
    "imports": [],
    "modLoMetadata": {
      "type": "esm"
    },
    "resolvedImports": []
  },
  "file:///Users/Shared/shazhiq/GameDev/Cocos/DoItRight/assets/scripts/AudioSourceControl.js": {
    "mTimestamp": {
      "mtime": 1661077099950.2004,
      "uuid": "ad877fe2-9494-46a0-bcb5-f9eadfd7d865"
    },
    "chunkId": "assets/scripts/AudioSourceControl.js",
    "imports": [
      {
        "value": "cce:/internal/ml/cjs-loader.mjs",
        "rewritten": "__unresolved_0"
      }
    ],
    "modLoMetadata": {
      "type": "cjs",
      "cjs": {
        "exports": [],
        "reexports": []
      }
    },
    "resolvedImports": [
      {
        "isExternal": false,
        "url": "cce:/internal/ml/cjs-loader.mjs"
      }
    ]
  },
  "file:///Users/Shared/shazhiq/GameDev/Cocos/DoItRight/assets/scripts/audioManager.ts": {
    "mTimestamp": {
      "mtime": 1661078106871.6084,
      "uuid": "afead248-f6d3-40d6-84f7-29a3231632d5"
    },
    "chunkId": "assets/scripts/audioManager.js",
    "imports": [
      {
        "value": "cc"
      },
      {
        "value": "cc",
        "loc": {
          "start": {
            "line": 4,
            "column": 73
          },
          "end": {
            "line": 4,
            "column": 77
          }
        }
      }
    ],
    "modLoMetadata": {
      "type": "esm"
    },
    "resolvedImports": [
      {
        "isExternal": false,
        "url": "cce:/internal/x/cc"
      },
      {
        "isExternal": false,
        "url": "cce:/internal/x/cc"
      }
    ]
  },
  "file:///Users/Shared/shazhiq/GameDev/Cocos/DoItRight/assets/scripts/au.ts": {
    "mTimestamp": {
      "mtime": 1661078121408.5173,
      "uuid": "e5e4365c-4937-4949-9237-72ef320fd84b"
    },
    "chunkId": "assets/scripts/au.js",
    "imports": [
      {
        "value": "cc"
      },
      {
        "value": "cc",
        "loc": {
          "start": {
            "line": 2,
            "column": 44
          },
          "end": {
            "line": 2,
            "column": 48
          }
        }
      }
    ],
    "modLoMetadata": {
      "type": "esm"
    },
    "resolvedImports": [
      {
        "isExternal": false,
        "url": "cce:/internal/x/cc"
      },
      {
        "isExternal": false,
        "url": "cce:/internal/x/cc"
      }
    ]
  }
}
