[
    1,
    [
        "e3L3SaVMFBjZahJZkWMJER@6c48a"
    ],
    [
        "_textureSource"
    ],
    [
        "cc.SpriteFrame"
    ],
    0,
    [
        {
            "name": "recycle_plastic_bottles",
            "rect": {
                "x": 0,
                "y": 0,
                "width": 456,
                "height": 466
            },
            "offset": {
                "x": 0,
                "y": 0
            },
            "originalSize": {
                "width": 456,
                "height": 466
            },
            "rotated": false,
            "capInsets": [
                0,
                0,
                0,
                0
            ],
            "packable": true
        }
    ],
    [
        0
    ],
    0,
    [
        0
    ],
    [
        0
    ],
    [
        0
    ]
]
