[
    1,
    [
        "3cRxXtSJ9H2rAVY844RCXY@6c48a"
    ],
    [
        "_textureSource"
    ],
    [
        "cc.SpriteFrame"
    ],
    0,
    [
        {
            "name": "Armature_newAnimation_6",
            "rect": {
                "x": 2,
                "y": 0,
                "width": 59,
                "height": 63
            },
            "offset": {
                "x": -0.5,
                "y": 1
            },
            "originalSize": {
                "width": 64,
                "height": 65
            },
            "rotated": false,
            "capInsets": [
                0,
                0,
                0,
                0
            ],
            "packable": true
        }
    ],
    [
        0
    ],
    0,
    [
        0
    ],
    [
        0
    ],
    [
        0
    ]
]
