{
  "__type__": "dragonBones.DragonBonesAsset",
  "_name": "Ding_02_ske",
  "_objFlags": 0,
  "_native": "",
  "_dragonBonesJson": "{\"frameRate\":24,\"name\":\"Ding_02\",\"version\":\"5.5\",\"compatibleVersion\":\"5.5\",\"armature\":[{\"type\":\"Armature\",\"frameRate\":24,\"name\":\"Armature\",\"aabb\":{\"x\":-33.94,\"y\":-43,\"width\":63.57,\"height\":65.24},\"bone\":[{\"name\":\"root\"},{\"length\":26,\"name\":\"LeftHand\",\"parent\":\"root\",\"transform\":{\"x\":17.95,\"y\":-2.45,\"skX\":1.5417,\"skY\":1.5417}},{\"length\":24,\"name\":\"RightHand\",\"parent\":\"root\",\"transform\":{\"x\":-22.65,\"y\":-3.45,\"skX\":177.9987,\"skY\":177.9987}},{\"length\":19,\"name\":\"RightLeg\",\"parent\":\"root\",\"transform\":{\"x\":-13.85,\"y\":14.1,\"skX\":88.377,\"skY\":88.377}},{\"length\":21,\"name\":\"LeftLeg\",\"parent\":\"root\",\"transform\":{\"x\":1,\"y\":12.85,\"skX\":88.9463,\"skY\":88.9463}}],\"slot\":[{\"name\":\"Body\",\"parent\":\"root\"},{\"name\":\"LeftLeg\",\"parent\":\"LeftLeg\"},{\"name\":\"RightHand\",\"parent\":\"RightHand\"},{\"name\":\"LeftHand\",\"parent\":\"LeftHand\"},{\"name\":\"RightLeg\",\"parent\":\"RightLeg\"}],\"skin\":[{\"slot\":[{\"name\":\"RightHand\",\"display\":[{\"name\":\"RightHand\",\"transform\":{\"x\":4.77,\"y\":0.67,\"skX\":-179.15,\"skY\":-179.15}}]},{\"name\":\"RightLeg\",\"display\":[{\"name\":\"RightLeg\",\"transform\":{\"x\":2.64,\"y\":0.03,\"skX\":-88.83,\"skY\":-88.83}}]},{\"name\":\"Body\",\"display\":[{\"name\":\"Body\",\"transform\":{\"x\":-4.5,\"y\":-16}}]},{\"name\":\"LeftLeg\",\"display\":[{\"name\":\"LeftLeg\",\"transform\":{\"x\":3.39,\"y\":-1.34,\"skX\":-91.29,\"skY\":-91.29}}]},{\"name\":\"LeftHand\",\"display\":[{\"name\":\"LeftHand\",\"transform\":{\"x\":5.19,\"y\":0.51,\"skX\":-1.9,\"skY\":-1.9}}]}]}],\"animation\":[{\"duration\":8,\"playTimes\":0,\"name\":\"newAnimation\",\"bone\":[{\"name\":\"LeftHand\",\"rotateFrame\":[{\"duration\":4,\"tweenEasing\":0,\"rotate\":1.66},{\"duration\":4,\"tweenEasing\":0,\"rotate\":88.46},{\"duration\":0,\"rotate\":-1.54}]},{\"name\":\"RightHand\",\"rotateFrame\":[{\"duration\":4,\"tweenEasing\":0,\"rotate\":2},{\"duration\":4,\"tweenEasing\":0,\"rotate\":-88},{\"duration\":0,\"rotate\":2}]},{\"name\":\"RightLeg\",\"scaleFrame\":[{\"duration\":4,\"tweenEasing\":0,\"x\":0.5},{\"duration\":4,\"tweenEasing\":0},{\"duration\":0,\"x\":0.5}]},{\"name\":\"LeftLeg\",\"scaleFrame\":[{\"duration\":4,\"tweenEasing\":0,\"x\":0.99},{\"duration\":4,\"tweenEasing\":0,\"x\":0.5},{\"duration\":0}]}]}],\"defaultActions\":[{\"gotoAndPlay\":\"newAnimation\"}]}]}"
}