[
    1,
    [
        "7cCgoNpzJGeq+l4vvl/Qa2@6c48a"
    ],
    [
        "_textureSource"
    ],
    [
        "cc.SpriteFrame"
    ],
    0,
    [
        {
            "name": "gwaste_plastic_straws",
            "rect": {
                "x": 0,
                "y": 0,
                "width": 546,
                "height": 416
            },
            "offset": {
                "x": 0,
                "y": 0
            },
            "originalSize": {
                "width": 546,
                "height": 416
            },
            "rotated": false,
            "capInsets": [
                0,
                0,
                0,
                0
            ],
            "packable": true
        }
    ],
    [
        0
    ],
    0,
    [
        0
    ],
    [
        0
    ],
    [
        0
    ]
]
