[
    1,
    [
        "d8MD5iGOtJx4GF8pUcDDLL@6c48a"
    ],
    [
        "_textureSource"
    ],
    [
        "cc.SpriteFrame"
    ],
    0,
    [
        {
            "name": "Converyorbeltsetup",
            "rect": {
                "x": 0,
                "y": 0,
                "width": 1204,
                "height": 872
            },
            "offset": {
                "x": 0,
                "y": 0
            },
            "originalSize": {
                "width": 1204,
                "height": 872
            },
            "rotated": false,
            "capInsets": [
                0,
                0,
                0,
                0
            ],
            "packable": true
        }
    ],
    [
        0
    ],
    0,
    [
        0
    ],
    [
        0
    ],
    [
        0
    ]
]
