[
    1,
    [
        "f4CchiK/RCGLj5wRSgRwT8@6c48a"
    ],
    [
        "_textureSource"
    ],
    [
        "cc.SpriteFrame"
    ],
    0,
    [
        {
            "name": "Armature_newAnimation_3",
            "rect": {
                "x": 5,
                "y": 0,
                "width": 52,
                "height": 64
            },
            "offset": {
                "x": -1,
                "y": 0.5
            },
            "originalSize": {
                "width": 64,
                "height": 65
            },
            "rotated": false,
            "capInsets": [
                0,
                0,
                0,
                0
            ],
            "packable": true
        }
    ],
    [
        0
    ],
    0,
    [
        0
    ],
    [
        0
    ],
    [
        0
    ]
]
