{
  "__type__": "dragonBones.DragonBonesAtlasAsset",
  "_name": "Ding_02_tex",
  "_objFlags": 0,
  "_native": "",
  "_atlasJson": "{\"name\":\"Ding_02\",\"height\":64,\"SubTexture\":[{\"name\":\"Body\",\"x\":1,\"height\":54,\"y\":1,\"width\":42},{\"name\":\"LeftLeg\",\"x\":52,\"height\":9,\"y\":1,\"width\":5},{\"name\":\"RightHand\",\"x\":16,\"height\":3,\"y\":57,\"width\":13},{\"name\":\"LeftHand\",\"x\":1,\"height\":3,\"y\":57,\"width\":13},{\"name\":\"RightLeg\",\"x\":45,\"height\":11,\"y\":1,\"width\":5}],\"imagePath\":\"Ding_02_tex.png\",\"width\":64}",
  "_texture": {
    "__uuid__": "2e59c3e0-6c11-4993-b601-6f1e1b5a4fcb@6c48a",
    "__expectedType__": "cc.Texture2D"
  },
  "_atlasJsonData": {
    "name": "Ding_02",
    "height": 64,
    "SubTexture": [
      {
        "name": "Body",
        "x": 1,
        "height": 54,
        "y": 1,
        "width": 42
      },
      {
        "name": "LeftLeg",
        "x": 52,
        "height": 9,
        "y": 1,
        "width": 5
      },
      {
        "name": "RightHand",
        "x": 16,
        "height": 3,
        "y": 57,
        "width": 13
      },
      {
        "name": "LeftHand",
        "x": 1,
        "height": 3,
        "y": 57,
        "width": 13
      },
      {
        "name": "RightLeg",
        "x": 45,
        "height": 11,
        "y": 1,
        "width": 5
      }
    ],
    "imagePath": "Ding_02_tex.png",
    "width": 64
  },
  "_textureAtlasData": null
}