{
  "log": {
    "level": 4
  },
  "common": {
    "startScene": "aeb13901-4390-4ace-a7ae-967e8c31c40d",
    "scenes": [
      {
        "url": "db://assets/scene-end.scene",
        "uuid": "548aee15-e35e-44cb-b9b3-5830caf5ae4a",
        "inBundle": false
      },
      {
        "url": "db://assets/scene-start.scene",
        "uuid": "aeb13901-4390-4ace-a7ae-967e8c31c40d",
        "inBundle": false
      },
      {
        "url": "db://assets/scene.scene",
        "uuid": "6974c64a-5dca-4f4c-9d7c-ee1bc6bcd7eb",
        "inBundle": false
      }
    ]
  },
  "BuildTaskManager": {
    "taskMap": {
      "1661766050554": {
        "id": "1661766050554",
        "progress": 1,
        "state": "success",
        "message": "25-11-2022 21:53 Build success in 83464 ms!",
        "options": {
          "name": "DoItRight",
          "platform": "web-desktop",
          "buildPath": "project://build",
          "debug": false,
          "md5Cache": false,
          "sourceMaps": false,
          "replaceSplashScreen": false,
          "mainBundleCompressionType": "merge_dep",
          "mainBundleIsRemote": false,
          "mergeStartScene": false,
          "experimentalEraseModules": false,
          "compressTexture": true,
          "packAutoAtlas": true,
          "startScene": "aeb13901-4390-4ace-a7ae-967e8c31c40d",
          "scenes": [
            {
              "url": "db://assets/scene-end.scene",
              "uuid": "548aee15-e35e-44cb-b9b3-5830caf5ae4a",
              "inBundle": false
            },
            {
              "url": "db://assets/scene-start.scene",
              "uuid": "aeb13901-4390-4ace-a7ae-967e8c31c40d",
              "inBundle": false
            },
            {
              "url": "db://assets/scene.scene",
              "uuid": "6974c64a-5dca-4f4c-9d7c-ee1bc6bcd7eb",
              "inBundle": false
            }
          ],
          "outputName": "web-desktop",
          "packages": {
            "web-desktop": {
              "resolution": {
                "designWidth": 960,
                "designHeight": 640
              },
              "polyfills": {
                "asyncFunctions": true
              }
            },
            "cocos-service": {
              "configID": "09df73",
              "services": []
            }
          }
        },
        "time": "25-11-2022 21:51",
        "dirty": false
      }
    }
  }
}
