{
  "/Users/Shared/shazhiq/GameDev/Cocos/DoItRight/assets/resources.meta": {
    "time": 1658743005162.5242
  },
  "/Users/Shared/shazhiq/GameDev/Cocos/DoItRight/assets/resources": {
    "time": 1669697274818.7922,
    "uuid": "0825803f-7e79-4a2c-98dd-dd46ee55eaf4",
    "missing": false
  },
  "/Users/Shared/shazhiq/GameDev/Cocos/DoItRight/assets/scene.scene": {
    "time": 1670059887552.714,
    "uuid": "6974c64a-5dca-4f4c-9d7c-ee1bc6bcd7eb",
    "missing": false
  },
  "/Users/Shared/shazhiq/GameDev/Cocos/DoItRight/assets/scene.scene.meta": {
    "time": 1658743186947.9734
  },
  "/Users/Shared/shazhiq/GameDev/Cocos/DoItRight/assets/scene-start.scene.meta": {
    "time": 1658744793797.266
  },
  "/Users/Shared/shazhiq/GameDev/Cocos/DoItRight/assets/scene-start.scene": {
    "time": 1669701832476.879,
    "uuid": "aeb13901-4390-4ace-a7ae-967e8c31c40d",
    "missing": false
  },
  "/Users/Shared/shazhiq/GameDev/Cocos/DoItRight/assets/scene-end.scene.meta": {
    "time": 1658746757382.1406
  },
  "/Users/Shared/shazhiq/GameDev/Cocos/DoItRight/assets/scene-end.scene": {
    "time": 1670232259043.7297,
    "uuid": "548aee15-e35e-44cb-b9b3-5830caf5ae4a",
    "missing": false
  },
  "/Users/Shared/shazhiq/GameDev/Cocos/DoItRight/assets/resources/bg_selection_factory.jpeg.meta": {
    "time": 1658747168891.6216
  },
  "/Users/Shared/shazhiq/GameDev/Cocos/DoItRight/assets/resources/bg_selection_factory.jpeg": {
    "time": 1658747168817.8542,
    "uuid": "7c908fa5-3967-4888-befa-356702a79e85",
    "missing": false
  },
  "/Users/Shared/shazhiq/GameDev/Cocos/DoItRight/assets/scripts.meta": {
    "time": 1658747482094.1804
  },
  "/Users/Shared/shazhiq/GameDev/Cocos/DoItRight/assets/scripts": {
    "time": 1669545360192.8435,
    "uuid": "c3ab4cd8-c405-4b8b-b4d6-236d70a391ce",
    "missing": false
  },
  "/Users/Shared/shazhiq/GameDev/Cocos/DoItRight/assets/scripts/ScreenAdapter.ts.meta": {
    "time": 1658747500929.3877
  },
  "/Users/Shared/shazhiq/GameDev/Cocos/DoItRight/assets/scripts/ScreenAdapter.ts": {
    "time": 1658816286280.2869,
    "uuid": "d4c66051-1ba0-4918-8185-62b0435ac819",
    "missing": false
  },
  "/Users/Shared/shazhiq/GameDev/Cocos/DoItRight/assets/scripts/SceneSwitch.ts.meta": {
    "time": 1658816314003.07
  },
  "/Users/Shared/shazhiq/GameDev/Cocos/DoItRight/assets/scripts/SceneSwitch.ts": {
    "time": 1658818749670.6396,
    "uuid": "fb202c19-e268-4da7-b4a1-4ac877706686",
    "missing": false
  },
  "/Users/Shared/shazhiq/GameDev/Cocos/DoItRight/assets/resources/player.png.meta": {
    "time": 1658817934168.3677
  },
  "/Users/Shared/shazhiq/GameDev/Cocos/DoItRight/assets/resources/player.png": {
    "time": 1658817934163.7844,
    "uuid": "21d20e2c-d5b0-466e-baf6-11392ee21639",
    "missing": false
  },
  "/Users/Shared/shazhiq/GameDev/Cocos/DoItRight/assets/scripts/welcome.meta": {
    "time": 1658830800595.322
  },
  "/Users/Shared/shazhiq/GameDev/Cocos/DoItRight/assets/scripts/welcome": {
    "time": 1658830855454.8906,
    "uuid": "acd6c813-95f9-4558-b581-14069fd67dbe",
    "missing": false
  },
  "/Users/Shared/shazhiq/GameDev/Cocos/DoItRight/assets/scripts/welcome/KnowledgeSharingList.ts.meta": {
    "time": 1658829783300.19
  },
  "/Users/Shared/shazhiq/GameDev/Cocos/DoItRight/assets/scripts/welcome/KnowledgeSharingList.ts": {
    "time": 1660637810429.2463,
    "uuid": "d563c8e8-1bb0-4c5f-a699-bde7cdbcecc2",
    "missing": false
  },
  "/Users/Shared/shazhiq/GameDev/Cocos/DoItRight/assets/scripts/welcome/WelcomeLoading.ts.meta": {
    "time": 1658830855457.6113
  },
  "/Users/Shared/shazhiq/GameDev/Cocos/DoItRight/assets/scripts/welcome/WelcomeLoading.ts": {
    "time": 1660026480584.0322,
    "uuid": "268dfb68-3e76-4839-9671-a1b98d60db4e",
    "missing": false
  },
  "/Users/Shared/shazhiq/GameDev/Cocos/DoItRight/assets/resources/Belt_small.png.meta": {
    "time": 1659953600258.0315
  },
  "/Users/Shared/shazhiq/GameDev/Cocos/DoItRight/assets/resources/Belt_small.png": {
    "time": 1659953600220.2185,
    "uuid": "86a6e873-d8bd-4bf4-acc7-85cc8cfe7529",
    "missing": false
  },
  "/Users/Shared/shazhiq/GameDev/Cocos/DoItRight/assets/scripts/BeltMove.ts.meta": {
    "time": 1659955379723.4402
  },
  "/Users/Shared/shazhiq/GameDev/Cocos/DoItRight/assets/scripts/BeltMove.ts": {
    "time": 1670232253826.145,
    "uuid": "a682fc78-5697-41e1-89c4-51f98bbc7bf4",
    "missing": false
  },
  "/Users/Shared/shazhiq/GameDev/Cocos/DoItRight/assets/resources/bin_recycle.png.meta": {
    "time": 1659956583612.127
  },
  "/Users/Shared/shazhiq/GameDev/Cocos/DoItRight/assets/resources/bin_recycle.png": {
    "time": 1659956583439.2437,
    "uuid": "7e329013-b121-48df-84c7-af5607d048d1",
    "missing": false
  },
  "/Users/Shared/shazhiq/GameDev/Cocos/DoItRight/assets/resources/bin_waste.png.meta": {
    "time": 1659956586616.2815
  },
  "/Users/Shared/shazhiq/GameDev/Cocos/DoItRight/assets/resources/bin_waste.png": {
    "time": 1659956586574.7102,
    "uuid": "2b35cb84-aade-4ba2-b388-e91698818091",
    "missing": false
  },
  "/Users/Shared/shazhiq/GameDev/Cocos/DoItRight/assets/scripts/GameManager.ts.meta": {
    "time": 1660445477721.082
  },
  "/Users/Shared/shazhiq/GameDev/Cocos/DoItRight/assets/scripts/GameManager.ts": {
    "time": 1669544684843.1316,
    "uuid": "70501d1b-6dad-4675-b966-adf835c04988",
    "missing": false
  },
  "/Users/Shared/shazhiq/GameDev/Cocos/DoItRight/assets/scripts/WasteMove.ts.meta": {
    "time": 1660447124147.692
  },
  "/Users/Shared/shazhiq/GameDev/Cocos/DoItRight/assets/scripts/WasteMove.ts": {
    "time": 1670059884194.3428,
    "uuid": "31357a8f-07fa-42bc-84bb-b114ce2ad865",
    "missing": false
  },
  "/Users/Shared/shazhiq/GameDev/Cocos/DoItRight/assets/wasteItem.prefab.meta": {
    "time": 1660447396144.456
  },
  "/Users/Shared/shazhiq/GameDev/Cocos/DoItRight/assets/wasteItem.prefab": {
    "time": 1669024058726.3337,
    "uuid": "1bf38a8b-7df7-4d92-bbb2-a2a328652b58",
    "missing": false
  },
  "/Users/Shared/shazhiq/GameDev/Cocos/DoItRight/assets/scripts/ResourceManager.ts.meta": {
    "time": 1660448296009.9185
  },
  "/Users/Shared/shazhiq/GameDev/Cocos/DoItRight/assets/scripts/ResourceManager.ts": {
    "time": 1660454696792.11,
    "uuid": "de70b044-94e5-460d-b783-8f1615ac0a01",
    "missing": false
  },
  "/Users/Shared/shazhiq/GameDev/Cocos/DoItRight/assets/resources/textures.meta": {
    "time": 1660448673594.599
  },
  "/Users/Shared/shazhiq/GameDev/Cocos/DoItRight/assets/resources/textures": {
    "time": 1660559109684.4155,
    "uuid": "cd8a5432-15d7-4af4-8728-69ea26110349",
    "missing": false
  },
  "/Users/Shared/shazhiq/GameDev/Cocos/DoItRight/assets/resources/textures/wastes.meta": {
    "time": 1660449062239.7886
  },
  "/Users/Shared/shazhiq/GameDev/Cocos/DoItRight/assets/resources/textures/wastes": {
    "time": 1660449070638.0796,
    "uuid": "dbb8ab58-1d0d-4588-9860-4e6356643a2d",
    "missing": false
  },
  "/Users/Shared/shazhiq/GameDev/Cocos/DoItRight/assets/resources/textures/wastes/generalWaste.meta": {
    "time": 1659957240359.4578
  },
  "/Users/Shared/shazhiq/GameDev/Cocos/DoItRight/assets/resources/textures/wastes/generalWaste": {
    "time": 1670058051266.578,
    "uuid": "fd438ff9-a192-41f5-ac03-5ee236136add",
    "missing": false
  },
  "/Users/Shared/shazhiq/GameDev/Cocos/DoItRight/assets/resources/textures/wastes/recycling.meta": {
    "time": 1660448753689.7002
  },
  "/Users/Shared/shazhiq/GameDev/Cocos/DoItRight/assets/resources/textures/wastes/recycling": {
    "time": 1670058051282.5679,
    "uuid": "d19cf2ab-1c11-4a06-9c90-10f6e7a755b6",
    "missing": false
  },
  "/Users/Shared/shazhiq/GameDev/Cocos/DoItRight/assets/scripts/WasteMove_singleWasteMove.ts.meta": {
    "time": 1660465006546.5852
  },
  "/Users/Shared/shazhiq/GameDev/Cocos/DoItRight/assets/scripts/WasteMove_singleWasteMove.ts": {
    "time": 1660466616937.1255,
    "uuid": "28627f3b-306f-475d-833d-340a5646fe9e",
    "missing": false
  },
  "/Users/Shared/shazhiq/GameDev/Cocos/DoItRight/assets/scripts/WasteDrag.ts.meta": {
    "time": 1660559520646.6277
  },
  "/Users/Shared/shazhiq/GameDev/Cocos/DoItRight/assets/scripts/WasteDrag.ts": {
    "time": 1669024719707.5952,
    "uuid": "c719f4a6-22db-45da-a7ec-45c3933d3eec",
    "missing": false
  },
  "/Users/Shared/shazhiq/GameDev/Cocos/DoItRight/assets/scripts/WasteCollect.ts.meta": {
    "time": 1660560998974.8347
  },
  "/Users/Shared/shazhiq/GameDev/Cocos/DoItRight/assets/scripts/WasteCollect.ts": {
    "time": 1669701086438.284,
    "uuid": "906fd821-25ee-4a7d-85ed-cda683a38537",
    "missing": false
  },
  "/Users/Shared/shazhiq/GameDev/Cocos/DoItRight/assets/resources/textures/wastes/generalWaste/gwaste_plastic_straws.png.meta": {
    "time": 1661068680351.1233
  },
  "/Users/Shared/shazhiq/GameDev/Cocos/DoItRight/assets/resources/textures/wastes/generalWaste/gwaste_plastic_straws.png": {
    "time": 1659957251860.9268,
    "uuid": "7c0a0a0d-a732-467a-afa5-e2fbe5fd06b6",
    "missing": false
  },
  "/Users/Shared/shazhiq/GameDev/Cocos/DoItRight/assets/resources/textures/wastes/generalWaste/gwaste_toy.png.meta": {
    "time": 1661068685269.1492
  },
  "/Users/Shared/shazhiq/GameDev/Cocos/DoItRight/assets/resources/textures/wastes/generalWaste/gwaste_toy.png": {
    "time": 1660637178189.1836,
    "uuid": "c12e053c-0d16-4659-a2b2-be81bf427ef7",
    "missing": false
  },
  "/Users/Shared/shazhiq/GameDev/Cocos/DoItRight/assets/resources/textures/wastes/recycling/recycle_cardboard.jpeg.meta": {
    "time": 1661068699650.6057
  },
  "/Users/Shared/shazhiq/GameDev/Cocos/DoItRight/assets/resources/textures/wastes/recycling/recycle_cardboard.jpeg": {
    "time": 1659957258917.2754,
    "uuid": "a5f0a685-da8c-41aa-9c4a-fbcf8d61cbcc",
    "missing": false
  },
  "/Users/Shared/shazhiq/GameDev/Cocos/DoItRight/assets/resources/textures/wastes/recycling/recycle_plastic_bottles.png.meta": {
    "time": 1661068704106.5652
  },
  "/Users/Shared/shazhiq/GameDev/Cocos/DoItRight/assets/resources/textures/wastes/recycling/recycle_plastic_bottles.png": {
    "time": 1659957394049.7964,
    "uuid": "e32f749a-54c1-418d-96a1-259916309111",
    "missing": false
  },
  "/Users/Shared/shazhiq/GameDev/Cocos/DoItRight/assets/scripts/WasteList.ts.meta": {
    "time": 1661069623464.21
  },
  "/Users/Shared/shazhiq/GameDev/Cocos/DoItRight/assets/scripts/WasteList.ts": {
    "time": 1670060122238.5984,
    "uuid": "40e8e528-a8a9-4422-ab17-f51d102b57c0",
    "missing": false
  },
  "/Users/Shared/shazhiq/GameDev/Cocos/DoItRight/assets/resources/audio.meta": {
    "time": 1661076712223.6143
  },
  "/Users/Shared/shazhiq/GameDev/Cocos/DoItRight/assets/resources/audio": {
    "time": 1668891603861.7144,
    "uuid": "07cc7dd6-1c83-4939-8b73-6bd6304a77fd",
    "missing": false
  },
  "/Users/Shared/shazhiq/GameDev/Cocos/DoItRight/assets/resources/audio/yes.mp3.meta": {
    "time": 1661076719154.4097
  },
  "/Users/Shared/shazhiq/GameDev/Cocos/DoItRight/assets/resources/audio/yes.mp3": {
    "time": 1661076718725.1492,
    "uuid": "5aca6f6a-aa6e-46eb-8bba-6a621ae25ae2",
    "missing": false
  },
  "/Users/Shared/shazhiq/GameDev/Cocos/DoItRight/assets/resources/audio/wrong.mp3.meta": {
    "time": 1661076729000.0166
  },
  "/Users/Shared/shazhiq/GameDev/Cocos/DoItRight/assets/resources/audio/wrong.mp3": {
    "time": 1661076728982.224,
    "uuid": "734d6dc8-f429-4405-958f-446dfa7aedbb",
    "missing": false
  },
  "/Users/Shared/shazhiq/GameDev/Cocos/DoItRight/assets/resources/textures/wastes/generalWaste/gwaste_banana.png.meta": {
    "time": 1668493200256.7124
  },
  "/Users/Shared/shazhiq/GameDev/Cocos/DoItRight/assets/resources/textures/wastes/generalWaste/gwaste_banana.png": {
    "time": 1668493200073.8352,
    "uuid": "e996351d-6577-4d8e-9f95-d740275fca11",
    "missing": false
  },
  "/Users/Shared/shazhiq/GameDev/Cocos/DoItRight/assets/resources/audio/backgroundmusic.mp3.meta": {
    "time": 1668891604092.396
  },
  "/Users/Shared/shazhiq/GameDev/Cocos/DoItRight/assets/resources/audio/backgroundmusic.mp3": {
    "time": 1668891603855.3865,
    "uuid": "96c3fa7c-ce49-4402-9c01-9b1d82e2bdac",
    "missing": false
  },
  "/Users/Shared/shazhiq/GameDev/Cocos/DoItRight/assets/resources/Blue.png.meta": {
    "time": 1668893154896.5344
  },
  "/Users/Shared/shazhiq/GameDev/Cocos/DoItRight/assets/resources/Blue.png": {
    "time": 1668893154826.7183,
    "uuid": "9763fa24-7c2d-47d4-8746-1f9cecd3e2da",
    "missing": false
  },
  "/Users/Shared/shazhiq/GameDev/Cocos/DoItRight/assets/resources/Belt_3.png.meta": {
    "time": 1668893376934.302
  },
  "/Users/Shared/shazhiq/GameDev/Cocos/DoItRight/assets/resources/Belt_3.png": {
    "time": 1668893376899.285,
    "uuid": "4e906a92-dcf8-453d-83c2-e16ac55751ae",
    "missing": false
  },
  "/Users/Shared/shazhiq/GameDev/Cocos/DoItRight/assets/resources/bin_recycle_2.png.meta": {
    "time": 1668893522934.4219
  },
  "/Users/Shared/shazhiq/GameDev/Cocos/DoItRight/assets/resources/bin_recycle_2.png": {
    "time": 1668893522892.098,
    "uuid": "a35b4516-c430-46b7-a646-4c0f2f0fb8d0",
    "missing": false
  },
  "/Users/Shared/shazhiq/GameDev/Cocos/DoItRight/assets/resources/bin_waste_2.png.meta": {
    "time": 1668893532642.4292
  },
  "/Users/Shared/shazhiq/GameDev/Cocos/DoItRight/assets/resources/bin_waste_2.png": {
    "time": 1668893532606.8745,
    "uuid": "aa086c2b-1ffb-41c6-8458-3e6b4bde6742",
    "missing": false
  },
  "/Users/Shared/shazhiq/GameDev/Cocos/DoItRight/assets/scripts/DoItRight.code-workspace.meta": {
    "time": 1668893992720.7732
  },
  "/Users/Shared/shazhiq/GameDev/Cocos/DoItRight/assets/scripts/DoItRight.code-workspace": {
    "time": 1668893989215.523,
    "uuid": "1144c791-9817-4eb4-bf44-6b4e7c1deb61",
    "missing": false
  },
  "/Users/Shared/shazhiq/GameDev/Cocos/DoItRight/assets/resources/check_wrong.png.meta": {
    "time": 1668894380675.561
  },
  "/Users/Shared/shazhiq/GameDev/Cocos/DoItRight/assets/resources/check_congrats.png.meta": {
    "time": 1668894380726.3406
  },
  "/Users/Shared/shazhiq/GameDev/Cocos/DoItRight/assets/resources/check_wrong.png": {
    "time": 1668894380579.821,
    "uuid": "b5367f55-e829-446b-b85d-57204e5efb82",
    "missing": false
  },
  "/Users/Shared/shazhiq/GameDev/Cocos/DoItRight/assets/resources/check_congrats.png": {
    "time": 1668894380579.8872,
    "uuid": "2272e3cc-6674-4a63-88d7-7f197e72474c",
    "missing": false
  },
  "/Users/Shared/shazhiq/GameDev/Cocos/DoItRight/assets/resources/scoreboard.png.meta": {
    "time": 1668897971508.6494
  },
  "/Users/Shared/shazhiq/GameDev/Cocos/DoItRight/assets/resources/scoreboard.png": {
    "time": 1668897971445.123,
    "uuid": "4563c130-a485-4b57-ace1-0fd72f0664af",
    "missing": false
  },
  "/Users/Shared/shazhiq/GameDev/Cocos/DoItRight/assets/resources/timer.png.meta": {
    "time": 1668898094612.7766
  },
  "/Users/Shared/shazhiq/GameDev/Cocos/DoItRight/assets/resources/timer.png": {
    "time": 1668898094588.3232,
    "uuid": "6b7bbbc4-f0b6-4a19-b024-a9e07ebe2a8b",
    "missing": false
  },
  "/Users/Shared/shazhiq/GameDev/Cocos/DoItRight/assets/scripts/CountdownTimer.ts.meta": {
    "time": 1668898876464.9133
  },
  "/Users/Shared/shazhiq/GameDev/Cocos/DoItRight/assets/scripts/CountdownTimer.ts": {
    "time": 1668898896277.4248,
    "uuid": "6488c1b4-2ea5-4a44-8f6d-27cb1a509ced",
    "missing": false
  },
  "/Users/Shared/shazhiq/GameDev/Cocos/DoItRight/assets/resources/bg_future.png.meta": {
    "time": 1668901794076.4036
  },
  "/Users/Shared/shazhiq/GameDev/Cocos/DoItRight/assets/resources/bg_future.png": {
    "time": 1668901793990.0845,
    "uuid": "83fac67e-cc17-4131-9c14-b9b9c1977054",
    "missing": false
  },
  "/Users/Shared/shazhiq/GameDev/Cocos/DoItRight/assets/resources/cycle.png.meta": {
    "time": 1668902494383.4
  },
  "/Users/Shared/shazhiq/GameDev/Cocos/DoItRight/assets/resources/cycle.png": {
    "time": 1668902494328.3804,
    "uuid": "2ed2664b-f4ef-45be-a028-e4a94dd97562",
    "missing": false
  },
  "/Users/Shared/shazhiq/GameDev/Cocos/DoItRight/assets/scripts/EmissionCalculator.ts.meta": {
    "time": 1668903235264.2478
  },
  "/Users/Shared/shazhiq/GameDev/Cocos/DoItRight/assets/scripts/EmissionCalculator.ts": {
    "time": 1668935917919.988,
    "uuid": "e5236790-5087-4012-b2d1-056a6bcd55f6",
    "missing": false
  },
  "/Users/Shared/shazhiq/GameDev/Cocos/DoItRight/assets/resources/logo.png.meta": {
    "time": 1669023023478.7205
  },
  "/Users/Shared/shazhiq/GameDev/Cocos/DoItRight/assets/resources/logo.png": {
    "time": 1669023023456.9917,
    "uuid": "1db2e406-f8dd-4637-b69b-08f2c9028869",
    "missing": false
  },
  "/Users/Shared/shazhiq/GameDev/Cocos/DoItRight/assets/resources/cycle_background.png.meta": {
    "time": 1669023111368.979
  },
  "/Users/Shared/shazhiq/GameDev/Cocos/DoItRight/assets/resources/cycle_background.png": {
    "time": 1669023111342.2002,
    "uuid": "874c0463-13bb-4e49-a3e0-d477c91857f3",
    "missing": false
  },
  "/Users/Shared/shazhiq/GameDev/Cocos/DoItRight/assets/resources/DoYouKnow.png.meta": {
    "time": 1669541085542.1587
  },
  "/Users/Shared/shazhiq/GameDev/Cocos/DoItRight/assets/resources/DoYouKnow.png": {
    "time": 1669541085443.571,
    "uuid": "e024a024-98b4-4fc0-aa50-fef0b5647286",
    "missing": false
  },
  "/Users/Shared/shazhiq/GameDev/Cocos/DoItRight/assets/resources/Blue_light.png.meta": {
    "time": 1669530799134.498
  },
  "/Users/Shared/shazhiq/GameDev/Cocos/DoItRight/assets/resources/Blue_light.png": {
    "time": 1669530777472.6853,
    "uuid": "7f05cf06-cbf2-4405-8b3e-5850d5969308",
    "missing": false
  },
  "/Users/Shared/shazhiq/GameDev/Cocos/DoItRight/assets/resources/rugby.png.meta": {
    "time": 1669541283253.1968
  },
  "/Users/Shared/shazhiq/GameDev/Cocos/DoItRight/assets/resources/rugby.png": {
    "time": 1669541283189.063,
    "uuid": "f5715be1-7985-46b5-9408-4a06f3df10bb",
    "missing": false
  },
  "/Users/Shared/shazhiq/GameDev/Cocos/DoItRight/assets/resources/bg_game_over.png.meta": {
    "time": 1669541362986.3228
  },
  "/Users/Shared/shazhiq/GameDev/Cocos/DoItRight/assets/resources/bg_game_over.png": {
    "time": 1669541362799.1794,
    "uuid": "8828b039-2977-4f3b-9a21-5dca7466f9f8",
    "missing": false
  },
  "/Users/Shared/shazhiq/GameDev/Cocos/DoItRight/assets/resources/donate.png.meta": {
    "time": 1669541391918.929
  },
  "/Users/Shared/shazhiq/GameDev/Cocos/DoItRight/assets/resources/donate.png": {
    "time": 1669541391875.8477,
    "uuid": "44fe12e1-9034-42ba-99c4-b40609a9b0fb",
    "missing": false
  },
  "/Users/Shared/shazhiq/GameDev/Cocos/DoItRight/assets/resources/playAgain.png.meta": {
    "time": 1669541409325.5422
  },
  "/Users/Shared/shazhiq/GameDev/Cocos/DoItRight/assets/resources/playAgain.png": {
    "time": 1669541409278.3152,
    "uuid": "4f93176b-578e-433c-8224-5431d179cb79",
    "missing": false
  },
  "/Users/Shared/shazhiq/GameDev/Cocos/DoItRight/assets/scripts/GameOverSummary.ts.meta": {
    "time": 1669545360223.3713
  },
  "/Users/Shared/shazhiq/GameDev/Cocos/DoItRight/assets/scripts/GameOverSummary.ts": {
    "time": 1669701285125.942,
    "uuid": "4c1519fa-fd6e-40cf-8444-8d452c05a9e9",
    "missing": false
  },
  "/Users/Shared/shazhiq/GameDev/Cocos/DoItRight/assets/resources/start.jpg.meta": {
    "time": 1669696833573.4448
  },
  "/Users/Shared/shazhiq/GameDev/Cocos/DoItRight/assets/resources/start.jpg": {
    "time": 1669696833525.0815,
    "uuid": "b33dd181-9e46-49f5-8488-dd05c8147d9d",
    "missing": false
  },
  "/Users/Shared/shazhiq/GameDev/Cocos/DoItRight/assets/resources/DidYouKnow.png.meta": {
    "time": 1669697153958.6292
  },
  "/Users/Shared/shazhiq/GameDev/Cocos/DoItRight/assets/resources/DidYouKnow.png": {
    "time": 1669697153891.2366,
    "uuid": "de43c7f9-3f1b-42d9-a3b5-1a4e66d17e31",
    "missing": false
  },
  "/Users/Shared/shazhiq/GameDev/Cocos/DoItRight/assets/resources/bg_welcoome.jpeg.meta": {
    "time": 1669697274932.874
  },
  "/Users/Shared/shazhiq/GameDev/Cocos/DoItRight/assets/resources/bg_welcoome.jpeg": {
    "time": 1669697274814.0562,
    "uuid": "99022ead-428a-42c1-859a-a735f40bbebb",
    "missing": false
  },
  "/Users/Shared/shazhiq/GameDev/Cocos/DoItRight/assets/resources/textures/wastes/generalWaste/gwaste_plastic_wrap.png.meta": {
    "time": 1670058051532.4297
  },
  "/Users/Shared/shazhiq/GameDev/Cocos/DoItRight/assets/resources/textures/wastes/recycling/recycle_aluminium_cans.png.meta": {
    "time": 1670058051533.0894
  },
  "/Users/Shared/shazhiq/GameDev/Cocos/DoItRight/assets/resources/textures/wastes/recycling/recycle_broken_glass.png.meta": {
    "time": 1670058051532.737
  },
  "/Users/Shared/shazhiq/GameDev/Cocos/DoItRight/assets/resources/textures/wastes/recycling/recycle_egg_carton.png.meta": {
    "time": 1670058051534.3901
  },
  "/Users/Shared/shazhiq/GameDev/Cocos/DoItRight/assets/resources/textures/wastes/recycling/recycle_pizza_box.png.meta": {
    "time": 1670058051529.5652
  },
  "/Users/Shared/shazhiq/GameDev/Cocos/DoItRight/assets/resources/textures/wastes/recycling/recycle_pizza_box.png": {
    "time": 1668316412000,
    "uuid": "132745ac-b986-453b-9744-eeb911647bb2",
    "missing": false
  },
  "/Users/Shared/shazhiq/GameDev/Cocos/DoItRight/assets/resources/textures/wastes/generalWaste/gwaste_plastic_wrap.png": {
    "time": 1668316354000,
    "uuid": "43773d38-4e92-4cd6-bfa3-614add0c4b7b",
    "missing": false
  },
  "/Users/Shared/shazhiq/GameDev/Cocos/DoItRight/assets/resources/textures/wastes/recycling/recycle_broken_glass.png": {
    "time": 1668316502000,
    "uuid": "5a4ec9fa-476b-4e2e-a208-97506eeb171b",
    "missing": false
  },
  "/Users/Shared/shazhiq/GameDev/Cocos/DoItRight/assets/resources/textures/wastes/recycling/recycle_aluminium_cans.png": {
    "time": 1668316178000,
    "uuid": "8443a415-7541-43c5-acfe-17ce912fa1a0",
    "missing": false
  },
  "/Users/Shared/shazhiq/GameDev/Cocos/DoItRight/assets/resources/textures/wastes/recycling/recycle_egg_carton.png": {
    "time": 1668316424000,
    "uuid": "f41c4623-a209-4be4-95ef-fbc1b75c0261",
    "missing": false
  }
}
