[
    1,
    [
        "c1LgU8DRZGWaKyvoG/Qn73@6c48a"
    ],
    [
        "_textureSource"
    ],
    [
        "cc.SpriteFrame"
    ],
    0,
    [
        {
            "name": "gwaste_toy",
            "rect": {
                "x": 0,
                "y": 0,
                "width": 67,
                "height": 68
            },
            "offset": {
                "x": 0,
                "y": 0
            },
            "originalSize": {
                "width": 67,
                "height": 68
            },
            "rotated": false,
            "capInsets": [
                0,
                0,
                0,
                0
            ],
            "packable": true
        }
    ],
    [
        0
    ],
    0,
    [
        0
    ],
    [
        0
    ],
    [
        0
    ]
]
