{
  "cce:/internal/x/cc": {
    "mTimestamp": 6741.237700045109,
    "chunkId": "quick-pack:/cce/internal/x/cc.js",
    "imports": [
      {
        "value": "cce:/internal/x/cc-fu/base",
        "rewritten": "__unresolved_0",
        "loc": {
          "start": {
            "line": 1,
            "column": 14
          },
          "end": {
            "line": 1,
            "column": 42
          }
        }
      },
      {
        "value": "cce:/internal/x/cc-fu/gfx-webgl",
        "rewritten": "__unresolved_1",
        "loc": {
          "start": {
            "line": 2,
            "column": 14
          },
          "end": {
            "line": 2,
            "column": 47
          }
        }
      },
      {
        "value": "cce:/internal/x/cc-fu/gfx-webgl2",
        "rewritten": "__unresolved_2",
        "loc": {
          "start": {
            "line": 3,
            "column": 14
          },
          "end": {
            "line": 3,
            "column": 48
          }
        }
      },
      {
        "value": "cce:/internal/x/cc-fu/3d",
        "rewritten": "__unresolved_3",
        "loc": {
          "start": {
            "line": 4,
            "column": 14
          },
          "end": {
            "line": 4,
            "column": 40
          }
        }
      },
      {
        "value": "cce:/internal/x/cc-fu/2d",
        "rewritten": "__unresolved_4",
        "loc": {
          "start": {
            "line": 5,
            "column": 14
          },
          "end": {
            "line": 5,
            "column": 40
          }
        }
      },
      {
        "value": "cce:/internal/x/cc-fu/ui",
        "rewritten": "__unresolved_5",
        "loc": {
          "start": {
            "line": 6,
            "column": 14
          },
          "end": {
            "line": 6,
            "column": 40
          }
        }
      },
      {
        "value": "cce:/internal/x/cc-fu/particle",
        "rewritten": "__unresolved_6",
        "loc": {
          "start": {
            "line": 7,
            "column": 14
          },
          "end": {
            "line": 7,
            "column": 46
          }
        }
      },
      {
        "value": "cce:/internal/x/cc-fu/particle-2d",
        "rewritten": "__unresolved_7",
        "loc": {
          "start": {
            "line": 8,
            "column": 14
          },
          "end": {
            "line": 8,
            "column": 49
          }
        }
      },
      {
        "value": "cce:/internal/x/cc-fu/physics-framework",
        "rewritten": "__unresolved_8",
        "loc": {
          "start": {
            "line": 9,
            "column": 14
          },
          "end": {
            "line": 9,
            "column": 55
          }
        }
      },
      {
        "value": "cce:/internal/x/cc-fu/physics-2d-framework",
        "rewritten": "__unresolved_9",
        "loc": {
          "start": {
            "line": 10,
            "column": 14
          },
          "end": {
            "line": 10,
            "column": 58
          }
        }
      },
      {
        "value": "cce:/internal/x/cc-fu/intersection-2d",
        "rewritten": "__unresolved_10",
        "loc": {
          "start": {
            "line": 11,
            "column": 14
          },
          "end": {
            "line": 11,
            "column": 53
          }
        }
      },
      {
        "value": "cce:/internal/x/cc-fu/primitive",
        "rewritten": "__unresolved_11",
        "loc": {
          "start": {
            "line": 12,
            "column": 14
          },
          "end": {
            "line": 12,
            "column": 47
          }
        }
      },
      {
        "value": "cce:/internal/x/cc-fu/profiler",
        "rewritten": "__unresolved_12",
        "loc": {
          "start": {
            "line": 13,
            "column": 14
          },
          "end": {
            "line": 13,
            "column": 46
          }
        }
      },
      {
        "value": "cce:/internal/x/cc-fu/audio",
        "rewritten": "__unresolved_13",
        "loc": {
          "start": {
            "line": 14,
            "column": 14
          },
          "end": {
            "line": 14,
            "column": 43
          }
        }
      },
      {
        "value": "cce:/internal/x/cc-fu/video",
        "rewritten": "__unresolved_14",
        "loc": {
          "start": {
            "line": 15,
            "column": 14
          },
          "end": {
            "line": 15,
            "column": 43
          }
        }
      },
      {
        "value": "cce:/internal/x/cc-fu/terrain",
        "rewritten": "__unresolved_15",
        "loc": {
          "start": {
            "line": 16,
            "column": 14
          },
          "end": {
            "line": 16,
            "column": 45
          }
        }
      },
      {
        "value": "cce:/internal/x/cc-fu/webview",
        "rewritten": "__unresolved_16",
        "loc": {
          "start": {
            "line": 17,
            "column": 14
          },
          "end": {
            "line": 17,
            "column": 45
          }
        }
      },
      {
        "value": "cce:/internal/x/cc-fu/tween",
        "rewritten": "__unresolved_17",
        "loc": {
          "start": {
            "line": 18,
            "column": 14
          },
          "end": {
            "line": 18,
            "column": 43
          }
        }
      },
      {
        "value": "cce:/internal/x/cc-fu/tiled-map",
        "rewritten": "__unresolved_18",
        "loc": {
          "start": {
            "line": 19,
            "column": 14
          },
          "end": {
            "line": 19,
            "column": 47
          }
        }
      },
      {
        "value": "cce:/internal/x/cc-fu/spine",
        "rewritten": "__unresolved_19",
        "loc": {
          "start": {
            "line": 20,
            "column": 14
          },
          "end": {
            "line": 20,
            "column": 43
          }
        }
      },
      {
        "value": "cce:/internal/x/cc-fu/dragon-bones",
        "rewritten": "__unresolved_20",
        "loc": {
          "start": {
            "line": 21,
            "column": 14
          },
          "end": {
            "line": 21,
            "column": 50
          }
        }
      }
    ],
    "modLoMetadata": {
      "type": "esm"
    },
    "resolvedImports": [
      {
        "specifierOrURL": "cce:/internal/x/cc-fu/base",
        "isExternal": true
      },
      {
        "specifierOrURL": "cce:/internal/x/cc-fu/gfx-webgl",
        "isExternal": true
      },
      {
        "specifierOrURL": "cce:/internal/x/cc-fu/gfx-webgl2",
        "isExternal": true
      },
      {
        "specifierOrURL": "cce:/internal/x/cc-fu/3d",
        "isExternal": true
      },
      {
        "specifierOrURL": "cce:/internal/x/cc-fu/2d",
        "isExternal": true
      },
      {
        "specifierOrURL": "cce:/internal/x/cc-fu/ui",
        "isExternal": true
      },
      {
        "specifierOrURL": "cce:/internal/x/cc-fu/particle",
        "isExternal": true
      },
      {
        "specifierOrURL": "cce:/internal/x/cc-fu/particle-2d",
        "isExternal": true
      },
      {
        "specifierOrURL": "cce:/internal/x/cc-fu/physics-framework",
        "isExternal": true
      },
      {
        "specifierOrURL": "cce:/internal/x/cc-fu/physics-2d-framework",
        "isExternal": true
      },
      {
        "specifierOrURL": "cce:/internal/x/cc-fu/intersection-2d",
        "isExternal": true
      },
      {
        "specifierOrURL": "cce:/internal/x/cc-fu/primitive",
        "isExternal": true
      },
      {
        "specifierOrURL": "cce:/internal/x/cc-fu/profiler",
        "isExternal": true
      },
      {
        "specifierOrURL": "cce:/internal/x/cc-fu/audio",
        "isExternal": true
      },
      {
        "specifierOrURL": "cce:/internal/x/cc-fu/video",
        "isExternal": true
      },
      {
        "specifierOrURL": "cce:/internal/x/cc-fu/terrain",
        "isExternal": true
      },
      {
        "specifierOrURL": "cce:/internal/x/cc-fu/webview",
        "isExternal": true
      },
      {
        "specifierOrURL": "cce:/internal/x/cc-fu/tween",
        "isExternal": true
      },
      {
        "specifierOrURL": "cce:/internal/x/cc-fu/tiled-map",
        "isExternal": true
      },
      {
        "specifierOrURL": "cce:/internal/x/cc-fu/spine",
        "isExternal": true
      },
      {
        "specifierOrURL": "cce:/internal/x/cc-fu/dragon-bones",
        "isExternal": true
      }
    ]
  },
  "cce:/internal/x/prerequisite-imports": {
    "mTimestamp": 371823.7678000331,
    "chunkId": "quick-pack:/cce/internal/x/prerequisite-imports.js",
    "imports": [
      {
        "value": "file:///C:/Users/techn/Downloads/25-10-2022%20C4G/Scene1V7/assets/Aug09%20class/script_demo/moveTheBelts.ts",
        "rewritten": "__unresolved_0",
        "loc": {
          "start": {
            "line": 5,
            "column": 35
          },
          "end": {
            "line": 5,
            "column": 144
          }
        }
      },
      {
        "value": "file:///C:/Users/techn/Downloads/25-10-2022%20C4G/Scene1V7/assets/Aug09%20class/script_demo/welcomeMsgList.ts",
        "rewritten": "__unresolved_1",
        "loc": {
          "start": {
            "line": 5,
            "column": 160
          },
          "end": {
            "line": 5,
            "column": 271
          }
        }
      },
      {
        "value": "file:///C:/Users/techn/Downloads/25-10-2022%20C4G/Scene1V7/assets/Aug09%20class/script_demo/welcomeMsgLoad.ts",
        "rewritten": "__unresolved_2",
        "loc": {
          "start": {
            "line": 5,
            "column": 287
          },
          "end": {
            "line": 5,
            "column": 398
          }
        }
      },
      {
        "value": "file:///C:/Users/techn/Downloads/25-10-2022%20C4G/Scene1V7/assets/Jul26%20class/MoveToGameOver.ts",
        "rewritten": "__unresolved_3",
        "loc": {
          "start": {
            "line": 5,
            "column": 414
          },
          "end": {
            "line": 5,
            "column": 513
          }
        }
      },
      {
        "value": "file:///C:/Users/techn/Downloads/25-10-2022%20C4G/Scene1V7/assets/Jul26%20class/startGame.ts",
        "rewritten": "__unresolved_4",
        "loc": {
          "start": {
            "line": 5,
            "column": 529
          },
          "end": {
            "line": 5,
            "column": 623
          }
        }
      },
      {
        "value": "file:///C:/Users/techn/Downloads/25-10-2022%20C4G/Scene1V7/assets/scripts/BeltMove.ts",
        "rewritten": "__unresolved_5",
        "loc": {
          "start": {
            "line": 5,
            "column": 639
          },
          "end": {
            "line": 5,
            "column": 726
          }
        }
      },
      {
        "value": "file:///C:/Users/techn/Downloads/25-10-2022%20C4G/Scene1V7/assets/scripts/CountdownTimer.ts",
        "rewritten": "__unresolved_6",
        "loc": {
          "start": {
            "line": 5,
            "column": 742
          },
          "end": {
            "line": 5,
            "column": 835
          }
        }
      },
      {
        "value": "file:///C:/Users/techn/Downloads/25-10-2022%20C4G/Scene1V7/assets/scripts/GameManager.ts",
        "rewritten": "__unresolved_7",
        "loc": {
          "start": {
            "line": 5,
            "column": 851
          },
          "end": {
            "line": 5,
            "column": 941
          }
        }
      },
      {
        "value": "file:///C:/Users/techn/Downloads/25-10-2022%20C4G/Scene1V7/assets/scripts/ResourceManager.ts",
        "rewritten": "__unresolved_8",
        "loc": {
          "start": {
            "line": 5,
            "column": 957
          },
          "end": {
            "line": 5,
            "column": 1051
          }
        }
      },
      {
        "value": "file:///C:/Users/techn/Downloads/25-10-2022%20C4G/Scene1V7/assets/scripts/SceneSwitch.ts",
        "rewritten": "__unresolved_9",
        "loc": {
          "start": {
            "line": 5,
            "column": 1067
          },
          "end": {
            "line": 5,
            "column": 1157
          }
        }
      },
      {
        "value": "file:///C:/Users/techn/Downloads/25-10-2022%20C4G/Scene1V7/assets/scripts/ScreenAdapter.ts",
        "rewritten": "__unresolved_10",
        "loc": {
          "start": {
            "line": 5,
            "column": 1173
          },
          "end": {
            "line": 5,
            "column": 1265
          }
        }
      },
      {
        "value": "file:///C:/Users/techn/Downloads/25-10-2022%20C4G/Scene1V7/assets/scripts/WasteCollect.ts",
        "rewritten": "__unresolved_11",
        "loc": {
          "start": {
            "line": 5,
            "column": 1281
          },
          "end": {
            "line": 5,
            "column": 1372
          }
        }
      },
      {
        "value": "file:///C:/Users/techn/Downloads/25-10-2022%20C4G/Scene1V7/assets/scripts/WasteDrag.ts",
        "rewritten": "__unresolved_12",
        "loc": {
          "start": {
            "line": 5,
            "column": 1388
          },
          "end": {
            "line": 5,
            "column": 1476
          }
        }
      },
      {
        "value": "file:///C:/Users/techn/Downloads/25-10-2022%20C4G/Scene1V7/assets/scripts/WasteList.ts",
        "rewritten": "__unresolved_13",
        "loc": {
          "start": {
            "line": 5,
            "column": 1492
          },
          "end": {
            "line": 5,
            "column": 1580
          }
        }
      },
      {
        "value": "file:///C:/Users/techn/Downloads/25-10-2022%20C4G/Scene1V7/assets/scripts/WasteMove.ts",
        "rewritten": "__unresolved_14",
        "loc": {
          "start": {
            "line": 5,
            "column": 1596
          },
          "end": {
            "line": 5,
            "column": 1684
          }
        }
      },
      {
        "value": "file:///C:/Users/techn/Downloads/25-10-2022%20C4G/Scene1V7/assets/scripts/WasteMove_singleWasteMove.ts",
        "rewritten": "__unresolved_15",
        "loc": {
          "start": {
            "line": 5,
            "column": 1700
          },
          "end": {
            "line": 5,
            "column": 1804
          }
        }
      },
      {
        "value": "file:///C:/Users/techn/Downloads/25-10-2022%20C4G/Scene1V7/assets/scripts/welcome/KnowledgeSharingList.ts",
        "rewritten": "__unresolved_16",
        "loc": {
          "start": {
            "line": 5,
            "column": 1820
          },
          "end": {
            "line": 5,
            "column": 1927
          }
        }
      },
      {
        "value": "file:///C:/Users/techn/Downloads/25-10-2022%20C4G/Scene1V7/assets/scripts/welcome/WelcomeLoading.ts",
        "rewritten": "__unresolved_17",
        "loc": {
          "start": {
            "line": 5,
            "column": 1943
          },
          "end": {
            "line": 5,
            "column": 2044
          }
        }
      }
    ],
    "modLoMetadata": {
      "type": "esm"
    },
    "resolvedImports": [
      {
        "isExternal": false,
        "url": "file:///C:/Users/techn/Downloads/25-10-2022%20C4G/Scene1V7/assets/Aug09%20class/script_demo/moveTheBelts.ts"
      },
      {
        "isExternal": false,
        "url": "file:///C:/Users/techn/Downloads/25-10-2022%20C4G/Scene1V7/assets/Aug09%20class/script_demo/welcomeMsgList.ts"
      },
      {
        "isExternal": false,
        "url": "file:///C:/Users/techn/Downloads/25-10-2022%20C4G/Scene1V7/assets/Aug09%20class/script_demo/welcomeMsgLoad.ts"
      },
      {
        "isExternal": false,
        "url": "file:///C:/Users/techn/Downloads/25-10-2022%20C4G/Scene1V7/assets/Jul26%20class/MoveToGameOver.ts"
      },
      {
        "isExternal": false,
        "url": "file:///C:/Users/techn/Downloads/25-10-2022%20C4G/Scene1V7/assets/Jul26%20class/startGame.ts"
      },
      {
        "isExternal": false,
        "url": "file:///C:/Users/techn/Downloads/25-10-2022%20C4G/Scene1V7/assets/scripts/BeltMove.ts"
      },
      {
        "isExternal": false,
        "url": "file:///C:/Users/techn/Downloads/25-10-2022%20C4G/Scene1V7/assets/scripts/CountdownTimer.ts"
      },
      {
        "isExternal": false,
        "url": "file:///C:/Users/techn/Downloads/25-10-2022%20C4G/Scene1V7/assets/scripts/GameManager.ts"
      },
      {
        "isExternal": false,
        "url": "file:///C:/Users/techn/Downloads/25-10-2022%20C4G/Scene1V7/assets/scripts/ResourceManager.ts"
      },
      {
        "isExternal": false,
        "url": "file:///C:/Users/techn/Downloads/25-10-2022%20C4G/Scene1V7/assets/scripts/SceneSwitch.ts"
      },
      {
        "isExternal": false,
        "url": "file:///C:/Users/techn/Downloads/25-10-2022%20C4G/Scene1V7/assets/scripts/ScreenAdapter.ts"
      },
      {
        "isExternal": false,
        "url": "file:///C:/Users/techn/Downloads/25-10-2022%20C4G/Scene1V7/assets/scripts/WasteCollect.ts"
      },
      {
        "isExternal": false,
        "url": "file:///C:/Users/techn/Downloads/25-10-2022%20C4G/Scene1V7/assets/scripts/WasteDrag.ts"
      },
      {
        "isExternal": false,
        "url": "file:///C:/Users/techn/Downloads/25-10-2022%20C4G/Scene1V7/assets/scripts/WasteList.ts"
      },
      {
        "isExternal": false,
        "url": "file:///C:/Users/techn/Downloads/25-10-2022%20C4G/Scene1V7/assets/scripts/WasteMove.ts"
      },
      {
        "isExternal": false,
        "url": "file:///C:/Users/techn/Downloads/25-10-2022%20C4G/Scene1V7/assets/scripts/WasteMove_singleWasteMove.ts"
      },
      {
        "isExternal": false,
        "url": "file:///C:/Users/techn/Downloads/25-10-2022%20C4G/Scene1V7/assets/scripts/welcome/KnowledgeSharingList.ts"
      },
      {
        "isExternal": false,
        "url": "file:///C:/Users/techn/Downloads/25-10-2022%20C4G/Scene1V7/assets/scripts/welcome/WelcomeLoading.ts"
      }
    ]
  },
  "file:///C:/Users/techn/Downloads/25-10-2022%20C4G/Scene1V6/assets/Aug09%20class/script_demo/welcomeMsgLoad.ts": {
    "mTimestamp": {
      "mtime": 1666073332938.796,
      "uuid": "d0c6970f-79ea-4bf8-8af7-b835fb2d3bdc"
    },
    "chunkId": "assets/Aug09%20class/script_demo/welcomeMsgLoad.js",
    "imports": [
      {
        "value": "cce:/internal/code-quality/cr.mjs",
        "rewritten": "__unresolved_0"
      },
      {
        "value": "cc"
      },
      {
        "value": "cc",
        "loc": {
          "start": {
            "line": 1,
            "column": 51
          },
          "end": {
            "line": 1,
            "column": 55
          }
        }
      },
      {
        "value": "./welcomeMsgList",
        "rewritten": "__unresolved_1",
        "loc": {
          "start": {
            "line": 2,
            "column": 21
          },
          "end": {
            "line": 2,
            "column": 39
          }
        }
      }
    ],
    "modLoMetadata": {
      "type": "esm"
    },
    "resolvedImports": [
      {
        "isExternal": false,
        "url": "cce:/internal/code-quality/cr.mjs"
      },
      {
        "isExternal": false,
        "url": "cce:/internal/x/cc"
      },
      {
        "isExternal": false,
        "url": "cce:/internal/x/cc"
      },
      {
        "isExternal": false,
        "url": "file:///C:/Users/techn/Downloads/25-10-2022%20C4G/Scene1V6/assets/Aug09%20class/script_demo/welcomeMsgList.ts"
      }
    ]
  },
  "file:///C:/Users/techn/Downloads/25-10-2022%20C4G/Scene1V6/assets/Aug09%20class/script_demo/welcomeMsgList.ts": {
    "mTimestamp": {
      "mtime": 1666073332890.6565,
      "uuid": "20c0964a-6738-4c94-98da-ba7c51e595f5"
    },
    "chunkId": "assets/Aug09%20class/script_demo/welcomeMsgList.js",
    "imports": [
      {
        "value": "cc"
      }
    ],
    "modLoMetadata": {
      "type": "esm"
    },
    "resolvedImports": [
      {
        "isExternal": false,
        "url": "cce:/internal/x/cc"
      }
    ]
  },
  "file:///C:/Users/techn/Downloads/25-10-2022%20C4G/Scene1V6/assets/Aug09%20class/script_demo/moveTheBelts.ts": {
    "mTimestamp": {
      "mtime": 1666073332875.141,
      "uuid": "81440d62-ac1c-4b42-ac57-36f5c40ae6b7"
    },
    "chunkId": "assets/Aug09%20class/script_demo/moveTheBelts.js",
    "imports": [
      {
        "value": "cc"
      },
      {
        "value": "cc",
        "loc": {
          "start": {
            "line": 2,
            "column": 44
          },
          "end": {
            "line": 2,
            "column": 48
          }
        }
      }
    ],
    "modLoMetadata": {
      "type": "esm"
    },
    "resolvedImports": [
      {
        "isExternal": false,
        "url": "cce:/internal/x/cc"
      },
      {
        "isExternal": false,
        "url": "cce:/internal/x/cc"
      }
    ]
  },
  "file:///C:/Users/techn/Downloads/25-10-2022%20C4G/Scene1V6/assets/Jul26%20class/startGame.ts": {
    "mTimestamp": {
      "mtime": 1666073333914.771,
      "uuid": "e945f42b-acdd-4be7-848e-a64e3a926596"
    },
    "chunkId": "assets/Jul26%20class/startGame.js",
    "imports": [
      {
        "value": "cc"
      },
      {
        "value": "cc",
        "loc": {
          "start": {
            "line": 2,
            "column": 54
          },
          "end": {
            "line": 2,
            "column": 58
          }
        }
      }
    ],
    "modLoMetadata": {
      "type": "esm"
    },
    "resolvedImports": [
      {
        "isExternal": false,
        "url": "cce:/internal/x/cc"
      },
      {
        "isExternal": false,
        "url": "cce:/internal/x/cc"
      }
    ]
  },
  "file:///C:/Users/techn/Downloads/25-10-2022%20C4G/Scene1V6/assets/Jul26%20class/MoveToGameOver.ts": {
    "mTimestamp": {
      "mtime": 1666073333980.2256,
      "uuid": "eb53fe0d-6ebb-458b-a048-ff5945997043"
    },
    "chunkId": "assets/Jul26%20class/MoveToGameOver.js",
    "imports": [
      {
        "value": "cc"
      },
      {
        "value": "cc",
        "loc": {
          "start": {
            "line": 2,
            "column": 54
          },
          "end": {
            "line": 2,
            "column": 58
          }
        }
      }
    ],
    "modLoMetadata": {
      "type": "esm"
    },
    "resolvedImports": [
      {
        "isExternal": false,
        "url": "cce:/internal/x/cc"
      },
      {
        "isExternal": false,
        "url": "cce:/internal/x/cc"
      }
    ]
  },
  "file:///C:/Users/techn/Downloads/25-10-2022%20C4G/Scene1V6/assets/scripts/BeltMove.ts": {
    "mTimestamp": {
      "mtime": 1666073333548.13,
      "uuid": "a682fc78-5697-41e1-89c4-51f98bbc7bf4"
    },
    "chunkId": "assets/scripts/BeltMove.js",
    "imports": [
      {
        "value": "cce:/internal/code-quality/cr.mjs",
        "rewritten": "__unresolved_0"
      },
      {
        "value": "cc"
      },
      {
        "value": "cc",
        "loc": {
          "start": {
            "line": 2,
            "column": 44
          },
          "end": {
            "line": 2,
            "column": 48
          }
        }
      },
      {
        "value": "./GameManager",
        "rewritten": "__unresolved_1",
        "loc": {
          "start": {
            "line": 3,
            "column": 49
          },
          "end": {
            "line": 3,
            "column": 64
          }
        }
      }
    ],
    "modLoMetadata": {
      "type": "esm"
    },
    "resolvedImports": [
      {
        "isExternal": false,
        "url": "cce:/internal/code-quality/cr.mjs"
      },
      {
        "isExternal": false,
        "url": "cce:/internal/x/cc"
      },
      {
        "isExternal": false,
        "url": "cce:/internal/x/cc"
      },
      {
        "isExternal": false,
        "url": "file:///C:/Users/techn/Downloads/25-10-2022%20C4G/Scene1V6/assets/scripts/GameManager.ts"
      }
    ]
  },
  "file:///C:/Users/techn/Downloads/25-10-2022%20C4G/Scene1V6/assets/scripts/GameManager.ts": {
    "mTimestamp": {
      "mtime": 1666073333502.0293,
      "uuid": "70501d1b-6dad-4675-b966-adf835c04988"
    },
    "chunkId": "assets/scripts/GameManager.js",
    "imports": [
      {
        "value": "cc"
      },
      {
        "value": "cc",
        "loc": {
          "start": {
            "line": 2,
            "column": 44
          },
          "end": {
            "line": 2,
            "column": 48
          }
        }
      }
    ],
    "modLoMetadata": {
      "type": "esm"
    },
    "resolvedImports": [
      {
        "isExternal": false,
        "url": "cce:/internal/x/cc"
      },
      {
        "isExternal": false,
        "url": "cce:/internal/x/cc"
      }
    ]
  },
  "file:///C:/Users/techn/Downloads/25-10-2022%20C4G/Scene1V6/assets/scripts/ResourceManager.ts": {
    "mTimestamp": {
      "mtime": 1666073333720.17,
      "uuid": "de70b044-94e5-460d-b783-8f1615ac0a01"
    },
    "chunkId": "assets/scripts/ResourceManager.js",
    "imports": [
      {
        "value": "cc"
      },
      {
        "value": "cc",
        "loc": {
          "start": {
            "line": 1,
            "column": 39
          },
          "end": {
            "line": 1,
            "column": 43
          }
        }
      }
    ],
    "modLoMetadata": {
      "type": "esm"
    },
    "resolvedImports": [
      {
        "isExternal": false,
        "url": "cce:/internal/x/cc"
      },
      {
        "isExternal": false,
        "url": "cce:/internal/x/cc"
      }
    ]
  },
  "file:///C:/Users/techn/Downloads/25-10-2022%20C4G/Scene1V6/assets/scripts/SceneSwitch.ts": {
    "mTimestamp": {
      "mtime": 1666073333561.1133,
      "uuid": "fb202c19-e268-4da7-b4a1-4ac877706686"
    },
    "chunkId": "assets/scripts/SceneSwitch.js",
    "imports": [
      {
        "value": "cc"
      },
      {
        "value": "cc",
        "loc": {
          "start": {
            "line": 2,
            "column": 54
          },
          "end": {
            "line": 2,
            "column": 58
          }
        }
      }
    ],
    "modLoMetadata": {
      "type": "esm"
    },
    "resolvedImports": [
      {
        "isExternal": false,
        "url": "cce:/internal/x/cc"
      },
      {
        "isExternal": false,
        "url": "cce:/internal/x/cc"
      }
    ]
  },
  "file:///C:/Users/techn/Downloads/25-10-2022%20C4G/Scene1V6/assets/scripts/WasteDrag.ts": {
    "mTimestamp": {
      "mtime": 1666073333689.1743,
      "uuid": "c719f4a6-22db-45da-a7ec-45c3933d3eec"
    },
    "chunkId": "assets/scripts/WasteDrag.js",
    "imports": [
      {
        "value": "cc"
      },
      {
        "value": "cc",
        "loc": {
          "start": {
            "line": 2,
            "column": 93
          },
          "end": {
            "line": 2,
            "column": 97
          }
        }
      }
    ],
    "modLoMetadata": {
      "type": "esm"
    },
    "resolvedImports": [
      {
        "isExternal": false,
        "url": "cce:/internal/x/cc"
      },
      {
        "isExternal": false,
        "url": "cce:/internal/x/cc"
      }
    ]
  },
  "file:///C:/Users/techn/Downloads/25-10-2022%20C4G/Scene1V6/assets/scripts/ScreenAdapter.ts": {
    "mTimestamp": {
      "mtime": 1666073333577.4404,
      "uuid": "d4c66051-1ba0-4918-8185-62b0435ac819"
    },
    "chunkId": "assets/scripts/ScreenAdapter.js",
    "imports": [
      {
        "value": "cc"
      },
      {
        "value": "cc",
        "loc": {
          "start": {
            "line": 2,
            "column": 89
          },
          "end": {
            "line": 2,
            "column": 93
          }
        }
      }
    ],
    "modLoMetadata": {
      "type": "esm"
    },
    "resolvedImports": [
      {
        "isExternal": false,
        "url": "cce:/internal/x/cc"
      },
      {
        "isExternal": false,
        "url": "cce:/internal/x/cc"
      }
    ]
  },
  "file:///C:/Users/techn/Downloads/25-10-2022%20C4G/Scene1V6/assets/scripts/WasteCollect.ts": {
    "mTimestamp": {
      "mtime": 1666076590137.2256,
      "uuid": "906fd821-25ee-4a7d-85ed-cda683a38537"
    },
    "chunkId": "assets/scripts/WasteCollect.js",
    "imports": [
      {
        "value": "cce:/internal/code-quality/cr.mjs",
        "rewritten": "__unresolved_0"
      },
      {
        "value": "cc"
      },
      {
        "value": "cc",
        "loc": {
          "start": {
            "line": 2,
            "column": 141
          },
          "end": {
            "line": 2,
            "column": 145
          }
        }
      },
      {
        "value": "./WasteList",
        "rewritten": "__unresolved_1",
        "loc": {
          "start": {
            "line": 3,
            "column": 26
          },
          "end": {
            "line": 3,
            "column": 39
          }
        }
      },
      {
        "value": "./WasteList",
        "rewritten": "__unresolved_2",
        "loc": {
          "start": {
            "line": 4,
            "column": 32
          },
          "end": {
            "line": 4,
            "column": 45
          }
        }
      }
    ],
    "modLoMetadata": {
      "type": "esm"
    },
    "resolvedImports": [
      {
        "isExternal": false,
        "url": "cce:/internal/code-quality/cr.mjs"
      },
      {
        "isExternal": false,
        "url": "cce:/internal/x/cc"
      },
      {
        "isExternal": false,
        "url": "cce:/internal/x/cc"
      },
      {
        "isExternal": false,
        "url": "file:///C:/Users/techn/Downloads/25-10-2022%20C4G/Scene1V6/assets/scripts/WasteList.ts"
      },
      {
        "isExternal": false,
        "url": "file:///C:/Users/techn/Downloads/25-10-2022%20C4G/Scene1V6/assets/scripts/WasteList.ts"
      }
    ]
  },
  "file:///C:/Users/techn/Downloads/25-10-2022%20C4G/Scene1V6/assets/scripts/WasteList.ts": {
    "mTimestamp": {
      "mtime": 1666936296992.6445,
      "uuid": "40e8e528-a8a9-4422-ab17-f51d102b57c0"
    },
    "chunkId": "assets/scripts/WasteList.js",
    "imports": [
      {
        "value": "cc"
      }
    ],
    "modLoMetadata": {
      "type": "esm"
    },
    "resolvedImports": [
      {
        "isExternal": false,
        "url": "cce:/internal/x/cc"
      }
    ]
  },
  "file:///C:/Users/techn/Downloads/25-10-2022%20C4G/Scene1V6/assets/scripts/WasteMove.ts": {
    "mTimestamp": {
      "mtime": 1666073333625.6384,
      "uuid": "31357a8f-07fa-42bc-84bb-b114ce2ad865"
    },
    "chunkId": "assets/scripts/WasteMove.js",
    "imports": [
      {
        "value": "cce:/internal/code-quality/cr.mjs",
        "rewritten": "__unresolved_0"
      },
      {
        "value": "cc"
      },
      {
        "value": "cc",
        "loc": {
          "start": {
            "line": 2,
            "column": 107
          },
          "end": {
            "line": 2,
            "column": 111
          }
        }
      },
      {
        "value": "./GameManager",
        "rewritten": "__unresolved_1",
        "loc": {
          "start": {
            "line": 3,
            "column": 49
          },
          "end": {
            "line": 3,
            "column": 64
          }
        }
      }
    ],
    "modLoMetadata": {
      "type": "esm"
    },
    "resolvedImports": [
      {
        "isExternal": false,
        "url": "cce:/internal/code-quality/cr.mjs"
      },
      {
        "isExternal": false,
        "url": "cce:/internal/x/cc"
      },
      {
        "isExternal": false,
        "url": "cce:/internal/x/cc"
      },
      {
        "isExternal": false,
        "url": "file:///C:/Users/techn/Downloads/25-10-2022%20C4G/Scene1V6/assets/scripts/GameManager.ts"
      }
    ]
  },
  "file:///C:/Users/techn/Downloads/25-10-2022%20C4G/Scene1V6/assets/scripts/welcome/KnowledgeSharingList.ts": {
    "mTimestamp": {
      "mtime": 1666073333895.8428,
      "uuid": "d563c8e8-1bb0-4c5f-a699-bde7cdbcecc2"
    },
    "chunkId": "assets/scripts/welcome/KnowledgeSharingList.js",
    "imports": [
      {
        "value": "cc"
      }
    ],
    "modLoMetadata": {
      "type": "esm"
    },
    "resolvedImports": [
      {
        "isExternal": false,
        "url": "cce:/internal/x/cc"
      }
    ]
  },
  "file:///C:/Users/techn/Downloads/25-10-2022%20C4G/Scene1V6/assets/scripts/WasteMove_singleWasteMove.ts": {
    "mTimestamp": {
      "mtime": 1666073333533.8687,
      "uuid": "28627f3b-306f-475d-833d-340a5646fe9e"
    },
    "chunkId": "assets/scripts/WasteMove_singleWasteMove.js",
    "imports": [
      {
        "value": "cce:/internal/code-quality/cr.mjs",
        "rewritten": "__unresolved_0"
      },
      {
        "value": "cc"
      },
      {
        "value": "cc",
        "loc": {
          "start": {
            "line": 2,
            "column": 107
          },
          "end": {
            "line": 2,
            "column": 111
          }
        }
      },
      {
        "value": "./GameManager",
        "rewritten": "__unresolved_1",
        "loc": {
          "start": {
            "line": 3,
            "column": 49
          },
          "end": {
            "line": 3,
            "column": 64
          }
        }
      }
    ],
    "modLoMetadata": {
      "type": "esm"
    },
    "resolvedImports": [
      {
        "isExternal": false,
        "url": "cce:/internal/code-quality/cr.mjs"
      },
      {
        "isExternal": false,
        "url": "cce:/internal/x/cc"
      },
      {
        "isExternal": false,
        "url": "cce:/internal/x/cc"
      },
      {
        "isExternal": false,
        "url": "file:///C:/Users/techn/Downloads/25-10-2022%20C4G/Scene1V6/assets/scripts/GameManager.ts"
      }
    ]
  },
  "file:///C:/Users/techn/Downloads/25-10-2022%20C4G/Scene1V6/assets/scripts/welcome/WelcomeLoading.ts": {
    "mTimestamp": {
      "mtime": 1666073333862.3923,
      "uuid": "268dfb68-3e76-4839-9671-a1b98d60db4e"
    },
    "chunkId": "assets/scripts/welcome/WelcomeLoading.js",
    "imports": [
      {
        "value": "cce:/internal/code-quality/cr.mjs",
        "rewritten": "__unresolved_0"
      },
      {
        "value": "cc"
      },
      {
        "value": "cc",
        "loc": {
          "start": {
            "line": 2,
            "column": 51
          },
          "end": {
            "line": 2,
            "column": 55
          }
        }
      },
      {
        "value": "./KnowledgeSharingList",
        "rewritten": "__unresolved_1",
        "loc": {
          "start": {
            "line": 3,
            "column": 21
          },
          "end": {
            "line": 3,
            "column": 45
          }
        }
      }
    ],
    "modLoMetadata": {
      "type": "esm"
    },
    "resolvedImports": [
      {
        "isExternal": false,
        "url": "cce:/internal/code-quality/cr.mjs"
      },
      {
        "isExternal": false,
        "url": "cce:/internal/x/cc"
      },
      {
        "isExternal": false,
        "url": "cce:/internal/x/cc"
      },
      {
        "isExternal": false,
        "url": "file:///C:/Users/techn/Downloads/25-10-2022%20C4G/Scene1V6/assets/scripts/welcome/KnowledgeSharingList.ts"
      }
    ]
  },
  "cce:/internal/code-quality/cr.mjs": {
    "mTimestamp": 1667282648483,
    "chunkId": "quick-pack:/cce/internal/code-quality/cr.js",
    "imports": [],
    "modLoMetadata": {
      "type": "esm"
    },
    "resolvedImports": []
  },
  "file:///C:/Users/techn/Downloads/25-10-2022%20C4G/Scene1V6/assets/scripts/CountdownTimer.ts": {
    "mTimestamp": {
      "mtime": 1667251723168.945,
      "uuid": "52dbd63a-367a-4d4f-bd02-b24410489f93"
    },
    "chunkId": "assets/scripts/CountdownTimer.js",
    "imports": [
      {
        "value": "cc"
      },
      {
        "value": "cc",
        "loc": {
          "start": {
            "line": 2,
            "column": 56
          },
          "end": {
            "line": 2,
            "column": 60
          }
        }
      }
    ],
    "modLoMetadata": {
      "type": "esm"
    },
    "resolvedImports": [
      {
        "isExternal": false,
        "url": "cce:/internal/x/cc"
      },
      {
        "isExternal": false,
        "url": "cce:/internal/x/cc"
      }
    ]
  },
  "file:///C:/Users/techn/Downloads/25-10-2022%20C4G/Scene1V7/assets/Aug09%20class/script_demo/welcomeMsgLoad.ts": {
    "mTimestamp": {
      "mtime": 1666073332938.796,
      "uuid": "d0c6970f-79ea-4bf8-8af7-b835fb2d3bdc"
    },
    "chunkId": "assets/Aug09%20class/script_demo/welcomeMsgLoad.js",
    "imports": [
      {
        "value": "cce:/internal/code-quality/cr.mjs",
        "rewritten": "__unresolved_0"
      },
      {
        "value": "cc"
      },
      {
        "value": "cc",
        "loc": {
          "start": {
            "line": 1,
            "column": 51
          },
          "end": {
            "line": 1,
            "column": 55
          }
        }
      },
      {
        "value": "./welcomeMsgList",
        "rewritten": "__unresolved_1",
        "loc": {
          "start": {
            "line": 2,
            "column": 21
          },
          "end": {
            "line": 2,
            "column": 39
          }
        }
      }
    ],
    "modLoMetadata": {
      "type": "esm"
    },
    "resolvedImports": [
      {
        "isExternal": false,
        "url": "cce:/internal/code-quality/cr.mjs"
      },
      {
        "isExternal": false,
        "url": "cce:/internal/x/cc"
      },
      {
        "isExternal": false,
        "url": "cce:/internal/x/cc"
      },
      {
        "isExternal": false,
        "url": "file:///C:/Users/techn/Downloads/25-10-2022%20C4G/Scene1V7/assets/Aug09%20class/script_demo/welcomeMsgList.ts"
      }
    ]
  },
  "file:///C:/Users/techn/Downloads/25-10-2022%20C4G/Scene1V7/assets/Jul26%20class/MoveToGameOver.ts": {
    "mTimestamp": {
      "mtime": 1666073333980.2256,
      "uuid": "eb53fe0d-6ebb-458b-a048-ff5945997043"
    },
    "chunkId": "assets/Jul26%20class/MoveToGameOver.js",
    "imports": [
      {
        "value": "cc"
      },
      {
        "value": "cc",
        "loc": {
          "start": {
            "line": 2,
            "column": 54
          },
          "end": {
            "line": 2,
            "column": 58
          }
        }
      }
    ],
    "modLoMetadata": {
      "type": "esm"
    },
    "resolvedImports": [
      {
        "isExternal": false,
        "url": "cce:/internal/x/cc"
      },
      {
        "isExternal": false,
        "url": "cce:/internal/x/cc"
      }
    ]
  },
  "file:///C:/Users/techn/Downloads/25-10-2022%20C4G/Scene1V7/assets/scripts/BeltMove.ts": {
    "mTimestamp": {
      "mtime": 1666073333548.13,
      "uuid": "a682fc78-5697-41e1-89c4-51f98bbc7bf4"
    },
    "chunkId": "assets/scripts/BeltMove.js",
    "imports": [
      {
        "value": "cce:/internal/code-quality/cr.mjs",
        "rewritten": "__unresolved_0"
      },
      {
        "value": "cc"
      },
      {
        "value": "cc",
        "loc": {
          "start": {
            "line": 2,
            "column": 44
          },
          "end": {
            "line": 2,
            "column": 48
          }
        }
      },
      {
        "value": "./GameManager",
        "rewritten": "__unresolved_1",
        "loc": {
          "start": {
            "line": 3,
            "column": 49
          },
          "end": {
            "line": 3,
            "column": 64
          }
        }
      }
    ],
    "modLoMetadata": {
      "type": "esm"
    },
    "resolvedImports": [
      {
        "isExternal": false,
        "url": "cce:/internal/code-quality/cr.mjs"
      },
      {
        "isExternal": false,
        "url": "cce:/internal/x/cc"
      },
      {
        "isExternal": false,
        "url": "cce:/internal/x/cc"
      },
      {
        "isExternal": false,
        "url": "file:///C:/Users/techn/Downloads/25-10-2022%20C4G/Scene1V7/assets/scripts/GameManager.ts"
      }
    ]
  },
  "file:///C:/Users/techn/Downloads/25-10-2022%20C4G/Scene1V7/assets/scripts/CountdownTimer.ts": {
    "mTimestamp": {
      "mtime": 1667282727310.3132,
      "uuid": "52dbd63a-367a-4d4f-bd02-b24410489f93"
    },
    "chunkId": "assets/scripts/CountdownTimer.js",
    "imports": [
      {
        "value": "cc"
      },
      {
        "value": "cc",
        "loc": {
          "start": {
            "line": 2,
            "column": 56
          },
          "end": {
            "line": 2,
            "column": 60
          }
        }
      }
    ],
    "modLoMetadata": {
      "type": "esm"
    },
    "resolvedImports": [
      {
        "isExternal": false,
        "url": "cce:/internal/x/cc"
      },
      {
        "isExternal": false,
        "url": "cce:/internal/x/cc"
      }
    ]
  },
  "file:///C:/Users/techn/Downloads/25-10-2022%20C4G/Scene1V7/assets/Jul26%20class/startGame.ts": {
    "mTimestamp": {
      "mtime": 1666073333914.771,
      "uuid": "e945f42b-acdd-4be7-848e-a64e3a926596"
    },
    "chunkId": "assets/Jul26%20class/startGame.js",
    "imports": [
      {
        "value": "cc"
      },
      {
        "value": "cc",
        "loc": {
          "start": {
            "line": 2,
            "column": 54
          },
          "end": {
            "line": 2,
            "column": 58
          }
        }
      }
    ],
    "modLoMetadata": {
      "type": "esm"
    },
    "resolvedImports": [
      {
        "isExternal": false,
        "url": "cce:/internal/x/cc"
      },
      {
        "isExternal": false,
        "url": "cce:/internal/x/cc"
      }
    ]
  },
  "file:///C:/Users/techn/Downloads/25-10-2022%20C4G/Scene1V7/assets/scripts/ScreenAdapter.ts": {
    "mTimestamp": {
      "mtime": 1666073333577.4404,
      "uuid": "d4c66051-1ba0-4918-8185-62b0435ac819"
    },
    "chunkId": "assets/scripts/ScreenAdapter.js",
    "imports": [
      {
        "value": "cc"
      },
      {
        "value": "cc",
        "loc": {
          "start": {
            "line": 2,
            "column": 89
          },
          "end": {
            "line": 2,
            "column": 93
          }
        }
      }
    ],
    "modLoMetadata": {
      "type": "esm"
    },
    "resolvedImports": [
      {
        "isExternal": false,
        "url": "cce:/internal/x/cc"
      },
      {
        "isExternal": false,
        "url": "cce:/internal/x/cc"
      }
    ]
  },
  "file:///C:/Users/techn/Downloads/25-10-2022%20C4G/Scene1V7/assets/scripts/ResourceManager.ts": {
    "mTimestamp": {
      "mtime": 1666073333720.17,
      "uuid": "de70b044-94e5-460d-b783-8f1615ac0a01"
    },
    "chunkId": "assets/scripts/ResourceManager.js",
    "imports": [
      {
        "value": "cc"
      },
      {
        "value": "cc",
        "loc": {
          "start": {
            "line": 1,
            "column": 39
          },
          "end": {
            "line": 1,
            "column": 43
          }
        }
      }
    ],
    "modLoMetadata": {
      "type": "esm"
    },
    "resolvedImports": [
      {
        "isExternal": false,
        "url": "cce:/internal/x/cc"
      },
      {
        "isExternal": false,
        "url": "cce:/internal/x/cc"
      }
    ]
  },
  "file:///C:/Users/techn/Downloads/25-10-2022%20C4G/Scene1V7/assets/scripts/GameManager.ts": {
    "mTimestamp": {
      "mtime": 1666073333502.0293,
      "uuid": "70501d1b-6dad-4675-b966-adf835c04988"
    },
    "chunkId": "assets/scripts/GameManager.js",
    "imports": [
      {
        "value": "cc"
      },
      {
        "value": "cc",
        "loc": {
          "start": {
            "line": 2,
            "column": 44
          },
          "end": {
            "line": 2,
            "column": 48
          }
        }
      }
    ],
    "modLoMetadata": {
      "type": "esm"
    },
    "resolvedImports": [
      {
        "isExternal": false,
        "url": "cce:/internal/x/cc"
      },
      {
        "isExternal": false,
        "url": "cce:/internal/x/cc"
      }
    ]
  },
  "file:///C:/Users/techn/Downloads/25-10-2022%20C4G/Scene1V7/assets/scripts/SceneSwitch.ts": {
    "mTimestamp": {
      "mtime": 1666073333561.1133,
      "uuid": "fb202c19-e268-4da7-b4a1-4ac877706686"
    },
    "chunkId": "assets/scripts/SceneSwitch.js",
    "imports": [
      {
        "value": "cc"
      },
      {
        "value": "cc",
        "loc": {
          "start": {
            "line": 2,
            "column": 54
          },
          "end": {
            "line": 2,
            "column": 58
          }
        }
      }
    ],
    "modLoMetadata": {
      "type": "esm"
    },
    "resolvedImports": [
      {
        "isExternal": false,
        "url": "cce:/internal/x/cc"
      },
      {
        "isExternal": false,
        "url": "cce:/internal/x/cc"
      }
    ]
  },
  "file:///C:/Users/techn/Downloads/25-10-2022%20C4G/Scene1V7/assets/scripts/WasteList.ts": {
    "mTimestamp": {
      "mtime": 1666936296992.6445,
      "uuid": "40e8e528-a8a9-4422-ab17-f51d102b57c0"
    },
    "chunkId": "assets/scripts/WasteList.js",
    "imports": [
      {
        "value": "cc"
      }
    ],
    "modLoMetadata": {
      "type": "esm"
    },
    "resolvedImports": [
      {
        "isExternal": false,
        "url": "cce:/internal/x/cc"
      }
    ]
  },
  "file:///C:/Users/techn/Downloads/25-10-2022%20C4G/Scene1V7/assets/scripts/WasteCollect.ts": {
    "mTimestamp": {
      "mtime": 1666076590137.2256,
      "uuid": "906fd821-25ee-4a7d-85ed-cda683a38537"
    },
    "chunkId": "assets/scripts/WasteCollect.js",
    "imports": [
      {
        "value": "cce:/internal/code-quality/cr.mjs",
        "rewritten": "__unresolved_0"
      },
      {
        "value": "cc"
      },
      {
        "value": "cc",
        "loc": {
          "start": {
            "line": 2,
            "column": 141
          },
          "end": {
            "line": 2,
            "column": 145
          }
        }
      },
      {
        "value": "./WasteList",
        "rewritten": "__unresolved_1",
        "loc": {
          "start": {
            "line": 3,
            "column": 26
          },
          "end": {
            "line": 3,
            "column": 39
          }
        }
      },
      {
        "value": "./WasteList",
        "rewritten": "__unresolved_2",
        "loc": {
          "start": {
            "line": 4,
            "column": 32
          },
          "end": {
            "line": 4,
            "column": 45
          }
        }
      }
    ],
    "modLoMetadata": {
      "type": "esm"
    },
    "resolvedImports": [
      {
        "isExternal": false,
        "url": "cce:/internal/code-quality/cr.mjs"
      },
      {
        "isExternal": false,
        "url": "cce:/internal/x/cc"
      },
      {
        "isExternal": false,
        "url": "cce:/internal/x/cc"
      },
      {
        "isExternal": false,
        "url": "file:///C:/Users/techn/Downloads/25-10-2022%20C4G/Scene1V7/assets/scripts/WasteList.ts"
      },
      {
        "isExternal": false,
        "url": "file:///C:/Users/techn/Downloads/25-10-2022%20C4G/Scene1V7/assets/scripts/WasteList.ts"
      }
    ]
  },
  "file:///C:/Users/techn/Downloads/25-10-2022%20C4G/Scene1V7/assets/scripts/WasteDrag.ts": {
    "mTimestamp": {
      "mtime": 1666073333689.1743,
      "uuid": "c719f4a6-22db-45da-a7ec-45c3933d3eec"
    },
    "chunkId": "assets/scripts/WasteDrag.js",
    "imports": [
      {
        "value": "cc"
      },
      {
        "value": "cc",
        "loc": {
          "start": {
            "line": 2,
            "column": 93
          },
          "end": {
            "line": 2,
            "column": 97
          }
        }
      }
    ],
    "modLoMetadata": {
      "type": "esm"
    },
    "resolvedImports": [
      {
        "isExternal": false,
        "url": "cce:/internal/x/cc"
      },
      {
        "isExternal": false,
        "url": "cce:/internal/x/cc"
      }
    ]
  },
  "file:///C:/Users/techn/Downloads/25-10-2022%20C4G/Scene1V7/assets/scripts/WasteMove_singleWasteMove.ts": {
    "mTimestamp": {
      "mtime": 1666073333533.8687,
      "uuid": "28627f3b-306f-475d-833d-340a5646fe9e"
    },
    "chunkId": "assets/scripts/WasteMove_singleWasteMove.js",
    "imports": [
      {
        "value": "cce:/internal/code-quality/cr.mjs",
        "rewritten": "__unresolved_0"
      },
      {
        "value": "cc"
      },
      {
        "value": "cc",
        "loc": {
          "start": {
            "line": 2,
            "column": 107
          },
          "end": {
            "line": 2,
            "column": 111
          }
        }
      },
      {
        "value": "./GameManager",
        "rewritten": "__unresolved_1",
        "loc": {
          "start": {
            "line": 3,
            "column": 49
          },
          "end": {
            "line": 3,
            "column": 64
          }
        }
      }
    ],
    "modLoMetadata": {
      "type": "esm"
    },
    "resolvedImports": [
      {
        "isExternal": false,
        "url": "cce:/internal/code-quality/cr.mjs"
      },
      {
        "isExternal": false,
        "url": "cce:/internal/x/cc"
      },
      {
        "isExternal": false,
        "url": "cce:/internal/x/cc"
      },
      {
        "isExternal": false,
        "url": "file:///C:/Users/techn/Downloads/25-10-2022%20C4G/Scene1V7/assets/scripts/GameManager.ts"
      }
    ]
  },
  "file:///C:/Users/techn/Downloads/25-10-2022%20C4G/Scene1V7/assets/Aug09%20class/script_demo/welcomeMsgList.ts": {
    "mTimestamp": {
      "mtime": 1666073332890.6565,
      "uuid": "20c0964a-6738-4c94-98da-ba7c51e595f5"
    },
    "chunkId": "assets/Aug09%20class/script_demo/welcomeMsgList.js",
    "imports": [
      {
        "value": "cc"
      }
    ],
    "modLoMetadata": {
      "type": "esm"
    },
    "resolvedImports": [
      {
        "isExternal": false,
        "url": "cce:/internal/x/cc"
      }
    ]
  },
  "file:///C:/Users/techn/Downloads/25-10-2022%20C4G/Scene1V7/assets/scripts/WasteMove.ts": {
    "mTimestamp": {
      "mtime": 1666073333625.6384,
      "uuid": "31357a8f-07fa-42bc-84bb-b114ce2ad865"
    },
    "chunkId": "assets/scripts/WasteMove.js",
    "imports": [
      {
        "value": "cce:/internal/code-quality/cr.mjs",
        "rewritten": "__unresolved_0"
      },
      {
        "value": "cc"
      },
      {
        "value": "cc",
        "loc": {
          "start": {
            "line": 2,
            "column": 107
          },
          "end": {
            "line": 2,
            "column": 111
          }
        }
      },
      {
        "value": "./GameManager",
        "rewritten": "__unresolved_1",
        "loc": {
          "start": {
            "line": 3,
            "column": 49
          },
          "end": {
            "line": 3,
            "column": 64
          }
        }
      }
    ],
    "modLoMetadata": {
      "type": "esm"
    },
    "resolvedImports": [
      {
        "isExternal": false,
        "url": "cce:/internal/code-quality/cr.mjs"
      },
      {
        "isExternal": false,
        "url": "cce:/internal/x/cc"
      },
      {
        "isExternal": false,
        "url": "cce:/internal/x/cc"
      },
      {
        "isExternal": false,
        "url": "file:///C:/Users/techn/Downloads/25-10-2022%20C4G/Scene1V7/assets/scripts/GameManager.ts"
      }
    ]
  },
  "file:///C:/Users/techn/Downloads/25-10-2022%20C4G/Scene1V7/assets/scripts/welcome/WelcomeLoading.ts": {
    "mTimestamp": {
      "mtime": 1666073333862.3923,
      "uuid": "268dfb68-3e76-4839-9671-a1b98d60db4e"
    },
    "chunkId": "assets/scripts/welcome/WelcomeLoading.js",
    "imports": [
      {
        "value": "cce:/internal/code-quality/cr.mjs",
        "rewritten": "__unresolved_0"
      },
      {
        "value": "cc"
      },
      {
        "value": "cc",
        "loc": {
          "start": {
            "line": 2,
            "column": 51
          },
          "end": {
            "line": 2,
            "column": 55
          }
        }
      },
      {
        "value": "./KnowledgeSharingList",
        "rewritten": "__unresolved_1",
        "loc": {
          "start": {
            "line": 3,
            "column": 21
          },
          "end": {
            "line": 3,
            "column": 45
          }
        }
      }
    ],
    "modLoMetadata": {
      "type": "esm"
    },
    "resolvedImports": [
      {
        "isExternal": false,
        "url": "cce:/internal/code-quality/cr.mjs"
      },
      {
        "isExternal": false,
        "url": "cce:/internal/x/cc"
      },
      {
        "isExternal": false,
        "url": "cce:/internal/x/cc"
      },
      {
        "isExternal": false,
        "url": "file:///C:/Users/techn/Downloads/25-10-2022%20C4G/Scene1V7/assets/scripts/welcome/KnowledgeSharingList.ts"
      }
    ]
  },
  "file:///C:/Users/techn/Downloads/25-10-2022%20C4G/Scene1V7/assets/scripts/welcome/KnowledgeSharingList.ts": {
    "mTimestamp": {
      "mtime": 1666073333895.8428,
      "uuid": "d563c8e8-1bb0-4c5f-a699-bde7cdbcecc2"
    },
    "chunkId": "assets/scripts/welcome/KnowledgeSharingList.js",
    "imports": [
      {
        "value": "cc"
      }
    ],
    "modLoMetadata": {
      "type": "esm"
    },
    "resolvedImports": [
      {
        "isExternal": false,
        "url": "cce:/internal/x/cc"
      }
    ]
  },
  "file:///C:/Users/techn/Downloads/25-10-2022%20C4G/Scene1V7/assets/Aug09%20class/script_demo/moveTheBelts.ts": {
    "mTimestamp": {
      "mtime": 1666073332875.141,
      "uuid": "81440d62-ac1c-4b42-ac57-36f5c40ae6b7"
    },
    "chunkId": "assets/Aug09%20class/script_demo/moveTheBelts.js",
    "imports": [
      {
        "value": "cc"
      },
      {
        "value": "cc",
        "loc": {
          "start": {
            "line": 2,
            "column": 44
          },
          "end": {
            "line": 2,
            "column": 48
          }
        }
      }
    ],
    "modLoMetadata": {
      "type": "esm"
    },
    "resolvedImports": [
      {
        "isExternal": false,
        "url": "cce:/internal/x/cc"
      },
      {
        "isExternal": false,
        "url": "cce:/internal/x/cc"
      }
    ]
  }
}
