{
  "log": {
    "level": 4
  },
  "common": {
    "name": "C4G Game",
    "outputName": "web-mobile-001",
    "mainBundleCompressionType": "merge_dep",
    "platform": "web-mobile"
  },
  "BuildTaskManager": {
    "taskMap": {
      "1656402574898": {
        "id": "1656402574898",
        "progress": 1,
        "state": "success",
        "message": "28-06-2022 19:50 Build success in 77928 ms!",
        "options": {
          "name": "C4G Game",
          "platform": "web-mobile",
          "buildPath": "project://build",
          "debug": false,
          "md5Cache": false,
          "sourceMaps": false,
          "replaceSplashScreen": false,
          "mainBundleCompressionType": "merge_dep",
          "mainBundleIsRemote": false,
          "mergeStartScene": false,
          "experimentalEraseModules": false,
          "compressTexture": true,
          "packAutoAtlas": true,
          "startScene": "845d90f4-8a8d-4f42-820c-c047213113e0",
          "scenes": [
            {
              "url": "db://assets/scene.scene",
              "uuid": "845d90f4-8a8d-4f42-820c-c047213113e0",
              "inBundle": false
            },
            {
              "url": "db://assets/scene_summary.scene",
              "uuid": "25ca5e19-5804-40c4-8a8d-7592f29baa0d",
              "inBundle": false
            }
          ],
          "outputName": "web-mobile-001",
          "packages": {
            "web-mobile": {
              "orientation": "auto",
              "polyfills": {
                "asyncFunctions": true
              }
            },
            "cocos-service": {
              "configID": "db4568",
              "services": []
            }
          }
        },
        "time": "28-06-2022 19:49",
        "dirty": false
      }
    }
  }
}
