{
  "assets/scripts/ScreenAdapter.js": {
    "imports": {
      "cc": "quick-pack:/cce/internal/x/cc.js"
    },
    "physicalLocation": "fs/0/assets/scripts/ScreenAdapter.js",
    "mTimestamp": 1667426999777
  },
  "assets/scripts/GameOver.js": {
    "imports": {
      "cc": "quick-pack:/cce/internal/x/cc.js"
    },
    "physicalLocation": "fs/0/assets/scripts/GameOver.js",
    "mTimestamp": 1658817992086
  },
  "assets/scripts/SceneSwitch.js": {
    "imports": {
      "cc": "quick-pack:/cce/internal/x/cc.js"
    },
    "physicalLocation": "fs/0/assets/scripts/SceneSwitch.js",
    "mTimestamp": 1667426999759
  },
  "assets/startGame.js": {
    "imports": {
      "cc": "quick-pack:/cce/internal/x/cc.js"
    },
    "physicalLocation": "fs/0/assets/startGame.js",
    "mTimestamp": 1658820168241
  },
  "assets/MoveToGameOver.js": {
    "imports": {
      "cc": "quick-pack:/cce/internal/x/cc.js"
    },
    "physicalLocation": "fs/0/assets/MoveToGameOver.js",
    "mTimestamp": 1658821367966
  },
  "assets/Jul26%20class/MoveToGameOver.js": {
    "imports": {
      "cc": "quick-pack:/cce/internal/x/cc.js"
    },
    "physicalLocation": "fs/0/assets/Jul26%20class/MoveToGameOver.js",
    "mTimestamp": 1667426999574
  },
  "assets/Jul26%20class/startGame.js": {
    "imports": {
      "cc": "quick-pack:/cce/internal/x/cc.js"
    },
    "physicalLocation": "fs/0/assets/Jul26%20class/startGame.js",
    "mTimestamp": 1667426999588
  },
  "assets/scripts/KnowledgeSharingList.js": {
    "imports": {
      "cc": "quick-pack:/cce/internal/x/cc.js"
    },
    "physicalLocation": "fs/0/assets/scripts/KnowledgeSharingList.js",
    "mTimestamp": 1658830698061
  },
  "assets/scripts/welcome/WelcomeLoading.js": {
    "imports": {
      "cc": "quick-pack:/cce/internal/x/cc.js",
      "__unresolved_0": "quick-pack:/cce/internal/code-quality/cr.js",
      "__unresolved_1": "assets/scripts/welcome/KnowledgeSharingList.js"
    },
    "physicalLocation": "fs/0/assets/scripts/welcome/WelcomeLoading.js",
    "mTimestamp": 1667427000024
  },
  "assets/script_demo/welcomeMsgLoad.js": {
    "imports": {
      "cc": "quick-pack:/cce/internal/x/cc.js",
      "__unresolved_1": "assets/script_demo/welcomeMsgList.js",
      "__unresolved_0": "quick-pack:/cce/internal/code-quality/cr.js"
    },
    "physicalLocation": "fs/0/assets/script_demo/welcomeMsgLoad.js",
    "mTimestamp": 1660032465621
  },
  "assets/script_demo/welcomeMsgList.js": {
    "imports": {
      "cc": "quick-pack:/cce/internal/x/cc.js"
    },
    "physicalLocation": "fs/0/assets/script_demo/welcomeMsgList.js",
    "mTimestamp": 1660032466062
  },
  "assets/script_demo/moveTheBelts.js": {
    "imports": {
      "cc": "quick-pack:/cce/internal/x/cc.js"
    },
    "physicalLocation": "fs/0/assets/script_demo/moveTheBelts.js",
    "mTimestamp": 1660033578762
  },
  "assets/Aug09%20class/script_demo/welcomeMsgLoad.js": {
    "imports": {
      "cc": "quick-pack:/cce/internal/x/cc.js",
      "__unresolved_1": "assets/Aug09%20class/script_demo/welcomeMsgList.js",
      "__unresolved_0": "quick-pack:/cce/internal/code-quality/cr.js"
    },
    "physicalLocation": "fs/0/assets/Aug09%20class/script_demo/welcomeMsgLoad.js",
    "mTimestamp": 1667426999536
  },
  "assets/Aug09%20class/script_demo/welcomeMsgList.js": {
    "imports": {
      "cc": "quick-pack:/cce/internal/x/cc.js"
    },
    "physicalLocation": "fs/0/assets/Aug09%20class/script_demo/welcomeMsgList.js",
    "mTimestamp": 1667426999553
  },
  "assets/Aug09%20class/script_demo/moveTheBelts.js": {
    "imports": {
      "cc": "quick-pack:/cce/internal/x/cc.js"
    },
    "physicalLocation": "fs/0/assets/Aug09%20class/script_demo/moveTheBelts.js",
    "mTimestamp": 1667426999494
  },
  "assets/scripts/BeltMove.js": {
    "imports": {
      "cc": "quick-pack:/cce/internal/x/cc.js",
      "__unresolved_1": "assets/scripts/GameManager.js",
      "__unresolved_0": "quick-pack:/cce/internal/code-quality/cr.js"
    },
    "physicalLocation": "fs/0/assets/scripts/BeltMove.js",
    "mTimestamp": 1667426999682
  },
  "assets/scripts/GameManager.js": {
    "imports": {
      "cc": "quick-pack:/cce/internal/x/cc.js"
    },
    "physicalLocation": "fs/0/assets/scripts/GameManager.js",
    "mTimestamp": 1667426999711
  },
  "assets/scripts/ResourceManager.js": {
    "imports": {
      "cc": "quick-pack:/cce/internal/x/cc.js"
    },
    "physicalLocation": "fs/0/assets/scripts/ResourceManager.js",
    "mTimestamp": 1667426999728
  },
  "assets/scripts/WasteMove_singleWasteMove.js": {
    "imports": {
      "cc": "quick-pack:/cce/internal/x/cc.js",
      "__unresolved_0": "quick-pack:/cce/internal/code-quality/cr.js",
      "__unresolved_1": "assets/scripts/GameManager.js"
    },
    "physicalLocation": "fs/0/assets/scripts/WasteMove_singleWasteMove.js",
    "mTimestamp": 1667426999991
  },
  "assets/scripts/WasteDrag.js": {
    "imports": {
      "cc": "quick-pack:/cce/internal/x/cc.js"
    },
    "physicalLocation": "fs/0/assets/scripts/WasteDrag.js",
    "mTimestamp": 1667426999864
  },
  "assets/scripts/welcome/KnowledgeSharingList.js": {
    "imports": {
      "cc": "quick-pack:/cce/internal/x/cc.js"
    },
    "physicalLocation": "fs/0/assets/scripts/welcome/KnowledgeSharingList.js",
    "mTimestamp": 1667426999930
  },
  "assets/scripts/AudioSourceControl.proxy.js?cjs&original=.js": {
    "imports": {
      "__unresolved_0": "quick-pack:/cce/internal/code-quality/cr.js",
      "__unresolved_2": "quick-pack:/cce/internal/ml/cjs-loader.js",
      "__unresolved_1": "assets/scripts/AudioSourceControl.js",
      "__unresolved_3": "assets/scripts/AudioSourceControl.js",
      "__unresolved_4": "assets/scripts/AudioSourceControl.js"
    },
    "physicalLocation": "fs/0/assets/scripts/AudioSourceControl.proxy.js@63cjs&original=.js",
    "mTimestamp": 1661077109875
  },
  "quick-pack:/cce/internal/ml/cjs-loader.js": {
    "imports": {},
    "physicalLocation": "cce/internal/ml/cjs-loader.js",
    "mTimestamp": 1661077109948
  },
  "assets/scripts/AudioSourceControl.js": {
    "imports": {
      "__unresolved_0": "quick-pack:/cce/internal/ml/cjs-loader.js"
    },
    "physicalLocation": "fs/0/assets/scripts/AudioSourceControl.js",
    "mTimestamp": 1661077110000
  },
  "assets/scripts/audioManager.js": {
    "imports": {
      "cc": "quick-pack:/cce/internal/x/cc.js"
    },
    "physicalLocation": "fs/0/assets/scripts/audioManager.js",
    "mTimestamp": 1661078111704
  },
  "assets/scripts/au.js": {
    "imports": {
      "cc": "quick-pack:/cce/internal/x/cc.js"
    },
    "physicalLocation": "fs/0/assets/scripts/au.js",
    "mTimestamp": 1661078121477
  },
  "assets/scripts/WasteMove.js": {
    "imports": {
      "cc": "quick-pack:/cce/internal/x/cc.js",
      "__unresolved_1": "assets/scripts/GameManager.js",
      "__unresolved_0": "quick-pack:/cce/internal/code-quality/cr.js"
    },
    "physicalLocation": "fs/0/assets/scripts/WasteMove.js",
    "mTimestamp": 1667426999911
  },
  "assets/scripts/NewComponent.js": {
    "imports": {
      "cc": "quick-pack:/cce/internal/x/cc.js"
    },
    "physicalLocation": "fs/0/assets/scripts/NewComponent.js",
    "mTimestamp": 1662374604071
  },
  "assets/scripts/AudioController.js": {
    "imports": {
      "cc": "quick-pack:/cce/internal/x/cc.js"
    },
    "physicalLocation": "fs/0/assets/scripts/AudioController.js",
    "mTimestamp": 1662374687633
  },
  "assets/scripts/WasteCollect.js": {
    "imports": {
      "cc": "quick-pack:/cce/internal/x/cc.js",
      "__unresolved_1": "assets/scripts/WasteList.js",
      "__unresolved_2": "assets/scripts/WasteList.js",
      "__unresolved_0": "quick-pack:/cce/internal/code-quality/cr.js"
    },
    "physicalLocation": "fs/0/assets/scripts/WasteCollect.js",
    "mTimestamp": 1667426999837
  },
  "assets/scripts/WasteList.js": {
    "imports": {
      "cc": "quick-pack:/cce/internal/x/cc.js"
    },
    "physicalLocation": "fs/0/assets/scripts/WasteList.js",
    "mTimestamp": 1667426999876
  },
  "assets/scripts/CountdownTimer.js": {
    "imports": {
      "cc": "quick-pack:/cce/internal/x/cc.js"
    },
    "physicalLocation": "fs/0/assets/scripts/CountdownTimer.js",
    "mTimestamp": 1667426999636
  },
  "quick-pack:/cce/internal/x/cc.js": {
    "imports": {
      "__unresolved_0": {
        "external": true,
        "url": "cce:/internal/x/cc-fu/base"
      },
      "__unresolved_1": {
        "external": true,
        "url": "cce:/internal/x/cc-fu/gfx-webgl"
      },
      "__unresolved_2": {
        "external": true,
        "url": "cce:/internal/x/cc-fu/gfx-webgl2"
      },
      "__unresolved_3": {
        "external": true,
        "url": "cce:/internal/x/cc-fu/3d"
      },
      "__unresolved_4": {
        "external": true,
        "url": "cce:/internal/x/cc-fu/2d"
      },
      "__unresolved_5": {
        "external": true,
        "url": "cce:/internal/x/cc-fu/ui"
      },
      "__unresolved_6": {
        "external": true,
        "url": "cce:/internal/x/cc-fu/particle"
      },
      "__unresolved_7": {
        "external": true,
        "url": "cce:/internal/x/cc-fu/particle-2d"
      },
      "__unresolved_8": {
        "external": true,
        "url": "cce:/internal/x/cc-fu/physics-framework"
      },
      "__unresolved_9": {
        "external": true,
        "url": "cce:/internal/x/cc-fu/physics-2d-framework"
      },
      "__unresolved_10": {
        "external": true,
        "url": "cce:/internal/x/cc-fu/intersection-2d"
      },
      "__unresolved_11": {
        "external": true,
        "url": "cce:/internal/x/cc-fu/primitive"
      },
      "__unresolved_12": {
        "external": true,
        "url": "cce:/internal/x/cc-fu/profiler"
      },
      "__unresolved_13": {
        "external": true,
        "url": "cce:/internal/x/cc-fu/audio"
      },
      "__unresolved_14": {
        "external": true,
        "url": "cce:/internal/x/cc-fu/video"
      },
      "__unresolved_15": {
        "external": true,
        "url": "cce:/internal/x/cc-fu/terrain"
      },
      "__unresolved_16": {
        "external": true,
        "url": "cce:/internal/x/cc-fu/webview"
      },
      "__unresolved_17": {
        "external": true,
        "url": "cce:/internal/x/cc-fu/tween"
      },
      "__unresolved_18": {
        "external": true,
        "url": "cce:/internal/x/cc-fu/tiled-map"
      },
      "__unresolved_19": {
        "external": true,
        "url": "cce:/internal/x/cc-fu/spine"
      },
      "__unresolved_20": {
        "external": true,
        "url": "cce:/internal/x/cc-fu/dragon-bones"
      }
    },
    "physicalLocation": "cce/internal/x/cc.js",
    "mTimestamp": 1667426999262,
    "isEntry": true,
    "exposeAs": "cce:/internal/x/cc"
  },
  "quick-pack:/cce/internal/x/prerequisite-imports.js": {
    "imports": {
      "__unresolved_0": "assets/Aug09%20class/script_demo/moveTheBelts.js",
      "__unresolved_2": "assets/Aug09%20class/script_demo/welcomeMsgLoad.js",
      "__unresolved_3": "assets/Jul26%20class/MoveToGameOver.js",
      "__unresolved_1": "assets/Aug09%20class/script_demo/welcomeMsgList.js",
      "__unresolved_4": "assets/Jul26%20class/startGame.js",
      "__unresolved_6": "assets/scripts/CountdownTimer.js",
      "__unresolved_5": "assets/scripts/BeltMove.js",
      "__unresolved_7": "assets/scripts/GameManager.js",
      "__unresolved_8": "assets/scripts/ResourceManager.js",
      "__unresolved_9": "assets/scripts/SceneSwitch.js",
      "__unresolved_10": "assets/scripts/ScreenAdapter.js",
      "__unresolved_12": "assets/scripts/WasteDrag.js",
      "__unresolved_11": "assets/scripts/WasteCollect.js",
      "__unresolved_13": "assets/scripts/WasteList.js",
      "__unresolved_14": "assets/scripts/WasteMove.js",
      "__unresolved_16": "assets/scripts/welcome/KnowledgeSharingList.js",
      "__unresolved_15": "assets/scripts/WasteMove_singleWasteMove.js",
      "__unresolved_17": "assets/scripts/welcome/WelcomeLoading.js"
    },
    "physicalLocation": "cce/internal/x/prerequisite-imports.js",
    "mTimestamp": 1667426999286,
    "isEntry": true,
    "exposeAs": "cce:/internal/x/prerequisite-imports"
  },
  "quick-pack:/cce/internal/code-quality/cr.js": {
    "imports": {},
    "physicalLocation": "cce/internal/code-quality/cr.js",
    "mTimestamp": 1667427000048
  }
}
