[
    1,
    [
        "04mL1AY3BDyZXsZNHHvuCR@6c48a"
    ],
    [
        "_textureSource"
    ],
    [
        "cc.SpriteFrame"
    ],
    0,
    [
        {
            "name": "PL3",
            "rect": {
                "x": 0,
                "y": 0,
                "width": 17,
                "height": 33
            },
            "offset": {
                "x": 0,
                "y": 0
            },
            "originalSize": {
                "width": 17,
                "height": 33
            },
            "rotated": false,
            "capInsets": [
                0,
                0,
                0,
                0
            ],
            "packable": true
        }
    ],
    [
        0
    ],
    0,
    [
        0
    ],
    [
        0
    ],
    [
        0
    ]
]
