[
    1,
    [
        "2bNcuEqt5LorOI6RaYgYCR@6c48a"
    ],
    [
        "_textureSource"
    ],
    [
        "cc.SpriteFrame"
    ],
    0,
    [
        {
            "name": "bin_waste",
            "rect": {
                "x": 0,
                "y": 0,
                "width": 846,
                "height": 236
            },
            "offset": {
                "x": 0,
                "y": 0
            },
            "originalSize": {
                "width": 846,
                "height": 236
            },
            "rotated": false,
            "capInsets": [
                0,
                0,
                0,
                0
            ],
            "packable": true
        }
    ],
    [
        0
    ],
    0,
    [
        0
    ],
    [
        0
    ],
    [
        0
    ]
]
