[
    1,
    [
        "210g4s1bBGbrr2ETku4hY5@6c48a"
    ],
    [
        "_textureSource"
    ],
    [
        "cc.SpriteFrame"
    ],
    0,
    [
        {
            "name": "player",
            "rect": {
                "x": 219,
                "y": 148,
                "width": 518,
                "height": 636
            },
            "offset": {
                "x": -22,
                "y": 34
            },
            "originalSize": {
                "width": 1000,
                "height": 1000
            },
            "rotated": false,
            "capInsets": [
                0,
                0,
                0,
                0
            ],
            "packable": true
        }
    ],
    [
        0
    ],
    0,
    [
        0
    ],
    [
        0
    ],
    [
        0
    ]
]
