[
    1,
    [
        "7ckI+lOWdIiL76NWcCp56F@6c48a"
    ],
    [
        "_textureSource"
    ],
    [
        "cc.SpriteFrame"
    ],
    0,
    [
        {
            "name": "bg_selection_factory",
            "rect": {
                "x": 0,
                "y": 0,
                "width": 1200,
                "height": 900
            },
            "offset": {
                "x": 0,
                "y": 0
            },
            "originalSize": {
                "width": 1200,
                "height": 900
            },
            "rotated": false,
            "capInsets": [
                0,
                0,
                0,
                0
            ],
            "packable": true
        }
    ],
    [
        0
    ],
    0,
    [
        0
    ],
    [
        0
    ],
    [
        0
    ]
]
